Year,Hour Beginning,Total Crashes,Fatal,Monday All,Monday Fatal,Tuesday All,Tuesday Fatal,Wednesday All,Wednesday Fatal,Thursday All,Thursday Fatal,Friday All,Friday Fatal,Saturday All,Saturday Fatal,Sunday All,Sunday Fatal,Weekdays All,Weekdays Fatal,Weekends All,Weekends Fatal
2023,12:00 AM,"1,696",72,198,9,152,8,178,8,195,5,219,10,383,15,371,17,744,31,952,41
2023,01:00 AM,"1,445",38,155,3,141,4,126,3,140,5,180,8,329,7,374,8,587,20,858,18
2023,02:00 AM,"1,541",37,160,2,108,2,128,3,166,2,183,3,369,11,427,14,585,10,956,27
2023,03:00 AM,"1,213",34,125,2,136,3,113,2,123,3,141,4,294,12,281,8,513,12,700,22
2023,04:00 AM,"1,583",40,214,6,223,9,204,2,210,1,218,10,253,8,261,4,855,22,728,18
2023,05:00 AM,"2,543",50,381,8,431,6,475,12,401,5,377,4,256,5,222,10,"1,684",27,859,23
2023,06:00 AM,"4,217",36,647,5,837,4,754,3,773,12,609,4,335,4,262,4,"3,620",28,597,8
2023,07:00 AM,"7,334",38,"1,111",7,"1,596",7,"1,463",3,"1,404",5,"1,094",7,395,3,271,6,"6,668",29,666,9
2023,08:00 AM,"6,404",31,973,3,"1,261",2,"1,236",8,"1,191",8,948,1,486,4,309,5,"5,609",22,795,9
2023,09:00 AM,"4,826",29,671,3,796,2,803,4,777,7,778,5,621,3,380,5,"3,825",21,"1,001",8
2023,10:00 AM,"5,124",36,684,3,754,4,749,2,775,8,793,8,814,8,555,3,"3,755",25,"1,369",11
2023,11:00 AM,"6,038",43,791,9,873,5,843,2,886,7,"1,002",7,963,7,680,6,"4,395",30,"1,643",13
2023,12:00 PM,"6,893",41,898,4,930,4,"1,042",7,987,3,"1,217",7,"1,028",10,791,6,"5,074",25,"1,819",16
2023,01:00 PM,"7,117",47,913,6,992,5,"1,090",9,"1,032",2,"1,276",8,"1,040",11,774,6,"5,303",30,"1,814",17
2023,02:00 PM,"8,492",64,"1,167",8,"1,279",7,"1,358",9,"1,326",5,"1,572",13,"1,014",12,776,10,"6,702",42,"1,790",22
2023,03:00 PM,"10,103",54,"1,398",2,"1,734",9,"1,601",8,"1,753",6,"1,839",11,"1,001",4,777,14,"8,325",36,"1,778",18
2023,04:00 PM,"10,063",54,"1,396",10,"1,765",5,"1,680",10,"1,750",8,"1,787",5,951,7,734,9,"8,378",38,"1,685",16
2023,05:00 PM,"9,326",69,"1,300",5,"1,552",8,"1,581",8,"1,739",9,"1,434",8,944,22,776,9,"7,606",38,"1,720",31
2023,06:00 PM,"7,645",83,934,10,"1,139",8,"1,256",15,"1,217",7,"1,262",17,"1,037",15,800,11,"4,546",40,"3,099",43
2023,07:00 PM,"5,483",70,634,4,728,10,759,9,839,10,998,13,869,16,656,8,"2,960",33,"2,523",37
2023,08:00 PM,"4,456",61,504,10,581,7,613,9,614,3,793,16,726,11,625,5,"2,312",29,"2,144",32
2023,09:00 PM,"3,619",72,385,8,466,10,421,8,497,13,677,9,708,14,465,10,"1,769",39,"1,850",33
2023,10:00 PM,"2,953",55,285,6,336,4,393,6,371,7,597,10,613,13,358,9,"1,385",23,"1,568",32
2023,11:00 PM,"2,133",43,206,4,216,2,234,3,262,10,448,10,471,10,296,4,918,19,"1,215",24
2022,12:00 AM,"1,754",74,231,13,190,8,180,9,187,8,195,10,369,10,402,16,752,35,"1,002",39
2022,01:00 AM,"1,408",43,162,0,118,6,130,6,126,8,160,5,348,10,364,8,534,25,874,18
2022,02:00 AM,"1,557",34,171,4,132,3,131,1,155,3,154,5,408,9,406,9,572,12,985,22
2022,03:00 AM,"1,142",29,122,4,108,9,100,3,121,2,155,6,255,3,281,2,484,20,658,9
2022,04:00 AM,"1,516",34,201,7,207,5,214,5,211,5,194,5,253,6,236,1,826,20,690,14
2022,05:00 AM,"2,395",37,383,4,384,6,393,5,387,2,374,8,262,5,212,7,"1,538",21,857,16
2022,06:00 AM,"4,152",32,624,3,758,4,816,6,710,8,662,2,312,6,270,3,"3,570",23,582,9
2022,07:00 AM,"7,104",33,"1,158",1,"1,415",6,"1,477",6,"1,354",8,"1,050",5,384,2,266,5,"6,454",26,650,7
2022,08:00 AM,"6,208",24,932,2,"1,228",4,"1,216",4,"1,170",3,898,6,468,3,296,2,"5,444",19,764,5
2022,09:00 AM,"4,696",36,664,3,755,7,761,1,795,6,668,9,625,6,428,4,"3,643",26,"1,053",10
2022,10:00 AM,"5,129",42,722,4,725,6,766,8,764,4,814,7,796,9,542,4,"3,791",29,"1,338",13
2022,11:00 AM,"5,873",44,784,7,813,6,924,6,869,6,950,8,926,5,607,6,"4,340",33,"1,533",11
2022,12:00 PM,"6,815",52,963,8,"1,037",4,"1,046",8,945,6,"1,185",14,918,4,721,8,"5,176",40,"1,639",12
2022,01:00 PM,"7,005",44,904,5,990,5,"1,158",10,"1,022",7,"1,189",6,"1,057",8,685,3,"5,263",33,"1,742",11
2022,02:00 PM,"8,529",55,"1,220",4,"1,364",12,"1,408",5,"1,286",6,"1,487",10,"1,010",10,754,8,"6,765",37,"1,764",18
2022,03:00 PM,"9,894",50,"1,513",10,"1,648",10,"1,690",8,"1,628",3,"1,753",5,989,11,673,3,"8,232",36,"1,662",14
2022,04:00 PM,"9,829",56,"1,443",8,"1,652",8,"1,583",7,"1,737",6,"1,684",9,973,8,757,10,"8,099",38,"1,730",18
2022,05:00 PM,"9,217",61,"1,365",13,"1,583",6,"1,546",9,"1,607",8,"1,440",6,943,12,733,7,"7,541",42,"1,676",19
2022,06:00 PM,"7,785",61,977,6,"1,129",13,"1,192",8,"1,191",5,"1,332",13,"1,119",6,845,10,"4,489",32,"3,296",29
2022,07:00 PM,"5,207",78,601,8,651,10,670,4,766,7,942,18,873,18,704,13,"2,688",29,"2,519",49
2022,08:00 PM,"4,282",69,482,4,519,9,584,8,639,15,765,11,720,11,573,11,"2,224",36,"2,058",33
2022,09:00 PM,"3,606",72,410,4,436,6,421,10,491,14,645,12,684,17,514,9,"1,763",34,"1,843",38
2022,10:00 PM,"2,788",68,282,6,268,8,351,9,401,3,483,15,606,13,397,14,"1,302",26,"1,486",42
2022,11:00 PM,"2,100",50,188,6,236,5,227,4,273,5,413,7,491,16,272,7,924,20,"1,176",30
2021,12:00 AM,"1,842",68,225,12,176,5,186,8,201,8,261,11,346,10,447,14,824,32,"1,018",36
2021,01:00 AM,"1,427",31,160,2,120,8,124,4,173,4,183,4,329,5,338,4,600,20,827,11
2021,02:00 AM,"1,586",34,177,4,137,2,133,2,162,2,192,5,396,10,389,9,624,11,962,23
2021,03:00 AM,"1,239",35,145,3,119,3,144,7,134,2,162,6,280,11,255,3,559,18,680,17
2021,04:00 AM,"1,444",30,166,5,205,3,175,3,206,9,204,6,232,3,256,1,790,21,654,9
2021,05:00 AM,"2,425",36,369,5,402,5,381,3,350,10,370,5,267,6,286,2,"1,503",23,922,13
2021,06:00 AM,"3,808",33,576,1,705,6,705,3,641,3,561,8,323,4,297,8,"3,188",21,620,12
2021,07:00 AM,"6,139",39,967,8,"1,153",4,"1,216",5,"1,202",6,955,7,368,5,278,4,"5,493",30,646,9
2021,08:00 AM,"5,764",31,846,0,"1,031",4,"1,139",4,954,7,937,7,515,1,342,8,"4,907",22,857,9
2021,09:00 AM,"4,576",22,680,2,654,1,723,4,698,3,764,3,605,6,452,3,"3,519",13,"1,057",9
2021,10:00 AM,"5,218",34,712,7,744,5,773,4,757,2,836,5,822,6,574,5,"3,822",23,"1,396",11
2021,11:00 AM,"6,154",25,774,2,818,4,918,2,912,2,"1,060",3,988,4,684,8,"4,482",13,"1,672",12
2021,12:00 PM,"7,237",40,997,6,"1,036",9,"1,152",4,"1,003",5,"1,254",10,"1,031",5,764,1,"5,442",34,"1,795",6
2021,01:00 PM,"7,635",44,"1,071",8,"1,024",1,"1,150",5,"1,122",6,"1,342",3,"1,121",11,805,10,"5,709",23,"1,926",21
2021,02:00 PM,"8,778",41,"1,275",4,"1,388",5,"1,408",7,"1,337",6,"1,589",2,"1,031",11,750,6,"6,997",24,"1,781",17
2021,03:00 PM,"10,159",38,"1,534",1,"1,666",4,"1,639",8,"1,631",10,"1,870",4,"1,010",6,809,5,"8,340",27,"1,819",11
2021,04:00 PM,"10,011",49,"1,399",5,"1,613",3,"1,629",5,"1,706",9,"1,847",9,"1,027",11,790,7,"8,194",31,"1,817",18
2021,05:00 PM,"9,268",48,"1,277",3,"1,594",6,"1,565",6,"1,513",8,"1,585",11,990,6,744,8,"7,534",34,"1,734",14
2021,06:00 PM,"7,666",76,944,5,"1,159",13,"1,166",11,"1,136",7,"1,387",15,"1,069",12,805,13,"4,405",36,"3,261",40
2021,07:00 PM,"5,417",65,618,8,697,9,735,6,806,12,"1,023",13,836,9,702,8,"2,856",35,"2,561",30
2021,08:00 PM,"4,570",75,547,6,570,10,605,11,599,5,797,18,808,15,644,10,"2,321",32,"2,249",43
2021,09:00 PM,"3,795",53,442,4,458,9,484,9,529,8,695,8,685,8,502,7,"1,913",30,"1,882",23
2021,10:00 PM,"2,911",69,304,6,346,4,336,7,369,10,620,21,576,8,360,13,"1,355",27,"1,556",42
2021,11:00 PM,"2,276",47,239,4,245,10,231,5,294,5,517,9,466,7,284,7,"1,009",24,"1,267",23
2020,12:00 AM,"1,412",59,167,7,127,7,166,7,166,8,182,11,285,9,319,10,641,33,771,26
2020,01:00 AM,"1,069",22,122,3,98,3,106,1,132,3,158,5,216,2,237,5,494,12,575,10
2020,02:00 AM,"1,163",28,130,6,112,3,121,3,128,5,137,1,254,3,281,7,498,12,665,16
2020,03:00 AM,933,23,105,0,93,2,104,5,107,6,127,1,181,3,216,6,431,14,502,9
2020,04:00 AM,"1,169",26,145,3,158,3,199,5,159,0,165,3,166,5,177,7,681,11,488,15
2020,05:00 AM,"2,103",28,309,2,362,3,350,8,365,4,311,5,230,2,176,4,"1,388",20,715,8
2020,06:00 AM,"3,255",35,489,6,639,5,574,7,566,8,499,4,292,3,196,2,"2,767",30,488,5
2020,07:00 AM,"4,594",24,747,4,864,4,831,4,879,3,732,3,335,3,206,3,"4,053",18,541,6
2020,08:00 AM,"4,303",24,653,2,818,5,777,2,724,3,664,4,397,4,270,4,"3,636",16,667,8
2020,09:00 AM,"3,900",27,560,2,597,7,590,2,632,4,638,2,546,8,337,2,"3,017",17,883,10
2020,10:00 AM,"4,370",25,666,1,625,2,637,7,670,6,666,4,688,2,418,3,"3,264",20,"1,106",5
2020,11:00 AM,"5,207",45,728,7,718,6,788,4,781,8,828,6,814,6,550,8,"3,843",31,"1,364",14
2020,12:00 PM,"6,185",44,894,8,874,5,904,3,870,7,"1,085",11,922,6,636,4,"4,627",34,"1,558",10
2020,01:00 PM,"6,201",44,868,9,888,3,954,3,932,7,"1,077",7,844,8,638,7,"4,719",29,"1,482",15
2020,02:00 PM,"7,373",30,"1,040",5,"1,159",1,"1,169",6,"1,092",5,"1,306",5,947,1,660,7,"5,766",22,"1,607",8
2020,03:00 PM,"8,115",42,"1,202",5,"1,376",7,"1,347",7,"1,283",3,"1,434",5,796,7,677,8,"6,642",27,"1,473",15
2020,04:00 PM,"8,117",46,"1,155",2,"1,348",5,"1,367",15,"1,333",4,"1,458",5,787,8,669,7,"6,661",31,"1,456",15
2020,05:00 PM,"7,527",43,"1,061",2,"1,195",4,"1,259",7,"1,237",9,"1,350",6,815,10,610,5,"6,102",28,"1,425",15
2020,06:00 PM,"6,503",66,852,5,978,11,"1,000",8,935,10,"1,184",10,867,17,687,5,"3,765",34,"2,738",32
2020,07:00 PM,"4,677",67,594,8,622,7,614,7,716,8,846,12,696,14,589,11,"2,546",30,"2,131",37
2020,08:00 PM,"3,656",66,415,9,503,6,489,10,521,10,633,10,610,14,485,7,"1,928",35,"1,728",31
2020,09:00 PM,"2,898",67,299,5,355,12,355,7,423,6,537,11,521,18,408,8,"1,432",30,"1,466",37
2020,10:00 PM,"2,369",42,251,3,283,4,307,11,320,3,462,9,432,6,314,6,"1,161",21,"1,208",21
2020,11:00 PM,"1,679",47,177,4,173,3,202,8,204,7,347,9,358,12,218,4,756,22,923,25
2019,12:00 AM,"1,499",47,191,7,160,7,154,7,155,4,187,4,301,8,351,10,656,22,843,25
2019,01:00 AM,"1,270",24,131,1,127,3,140,3,121,4,169,1,281,4,301,8,557,11,713,13
2019,02:00 AM,"1,282",27,124,0,112,0,102,1,123,4,160,6,334,9,327,7,497,11,785,16
2019,03:00 AM,999,9,107,0,102,2,115,0,90,1,125,2,227,3,233,1,432,5,567,4
2019,04:00 AM,"1,444",26,191,3,166,3,234,3,213,3,221,3,215,4,204,7,834,12,610,14
2019,05:00 AM,"2,604",24,422,3,461,7,464,3,443,2,411,3,231,3,172,3,"1,779",15,825,9
2019,06:00 AM,"4,844",33,813,2,919,6,945,6,894,3,744,5,293,6,236,5,"4,315",22,529,11
2019,07:00 AM,"8,371",28,"1,515",4,"1,690",2,"1,547",2,"1,603",6,"1,387",2,380,5,249,7,"7,742",16,629,12
2019,08:00 AM,"7,198",28,"1,227",5,"1,352",5,"1,410",4,"1,253",7,"1,115",0,506,4,335,3,"6,357",21,841,7
2019,09:00 AM,"5,130",25,737,3,878,3,864,3,808,5,782,4,658,3,403,4,"4,069",18,"1,061",7
2019,10:00 AM,"5,296",33,785,3,760,4,799,7,760,3,845,6,818,6,529,4,"3,949",23,"1,347",10
2019,11:00 AM,"6,272",38,872,4,868,3,902,9,902,6,"1,128",4,956,3,644,9,"4,672",26,"1,600",12
2019,12:00 PM,"7,406",33,"1,024",1,"1,090",4,"1,125",5,"1,060",3,"1,306",5,"1,085",5,716,10,"5,605",18,"1,801",15
2019,01:00 PM,"7,585",44,"1,027",9,"1,084",5,"1,127",5,"1,104",3,"1,430",7,"1,078",6,735,9,"5,772",29,"1,813",15
2019,02:00 PM,"9,034",45,"1,348",3,"1,496",5,"1,423",7,"1,424",9,"1,689",6,969,9,685,6,"7,380",30,"1,654",15
2019,03:00 PM,"10,904",59,"1,666",8,"1,869",7,"1,695",5,"1,874",12,"2,020",9,"1,015",9,765,9,"9,124",41,"1,780",18
2019,04:00 PM,"11,028",51,"1,616",6,"1,934",6,"1,822",3,"1,969",11,"1,975",6,"1,002",11,710,8,"9,316",32,"1,712",19
2019,05:00 PM,"10,787",43,"1,697",3,"1,869",7,"1,880",8,"1,916",4,"1,786",8,933,8,706,5,"9,148",30,"1,639",13
2019,06:00 PM,"8,643",50,"1,174",5,"1,321",7,"1,382",8,"1,362",9,"1,580",8,"1,045",7,779,6,"5,239",29,"3,404",21
2019,07:00 PM,"5,556",63,722,6,745,6,774,17,843,8,"1,007",7,852,9,613,10,"3,084",37,"2,472",26
2019,08:00 PM,"4,258",56,549,7,557,10,576,5,559,3,752,11,703,13,562,7,"2,241",25,"2,017",31
2019,09:00 PM,"3,615",41,469,9,432,7,439,8,515,1,664,9,606,5,490,2,"1,855",25,"1,760",16
2019,10:00 PM,"2,805",38,303,5,329,5,311,6,411,4,549,7,570,9,332,2,"1,354",20,"1,451",18
2019,11:00 PM,"1,920",46,196,5,201,4,207,3,252,5,423,13,411,13,230,3,856,17,"1,064",29
2018,12:00 AM,"1,491",58,194,6,139,9,161,5,158,7,198,12,316,9,325,10,656,33,835,25
2018,01:00 AM,"1,158",28,113,6,106,2,130,2,107,3,166,2,262,8,274,5,509,9,649,19
2018,02:00 AM,"1,270",40,128,2,124,4,108,3,110,5,158,4,320,10,322,12,500,16,770,24
2018,03:00 AM,970,20,107,2,99,1,80,2,108,2,135,5,215,5,226,3,422,10,548,10
2018,04:00 AM,"1,311",23,174,1,177,5,159,5,207,1,203,6,196,1,195,4,746,17,565,6
2018,05:00 AM,"2,320",26,359,3,383,3,392,3,406,2,352,5,237,6,191,4,"1,533",13,787,13
2018,06:00 AM,"4,616",25,730,7,909,6,872,2,807,0,778,6,287,0,233,4,"4,096",21,520,4
2018,07:00 AM,"8,221",21,"1,326",2,"1,669",2,"1,608",7,"1,647",4,"1,312",3,395,1,264,2,"7,562",18,659,3
2018,08:00 AM,"7,253",19,"1,148",3,"1,385",6,"1,381",3,"1,340",1,"1,137",2,520,3,342,1,"6,391",15,862,4
2018,09:00 AM,"5,000",33,747,2,813,9,817,4,781,5,784,3,648,6,410,4,"3,942",23,"1,058",10
2018,10:00 AM,"5,057",22,712,6,793,4,726,2,758,3,817,1,718,3,533,3,"3,806",16,"1,251",6
2018,11:00 AM,"6,114",25,914,2,923,2,877,4,916,5,986,2,939,5,559,5,"4,616",15,"1,498",10
2018,12:00 PM,"7,317",44,"1,026",6,"1,021",3,"1,104",8,"1,122",11,"1,311",6,"1,000",5,733,5,"5,584",34,"1,733",10
2018,01:00 PM,"7,465",36,"1,007",3,"1,058",7,"1,138",2,"1,061",8,"1,449",5,"1,036",4,716,7,"5,713",25,"1,752",11
2018,02:00 PM,"8,733",44,"1,333",10,"1,323",5,"1,425",3,"1,362",6,"1,625",6,986,8,679,6,"7,068",30,"1,665",14
2018,03:00 PM,"10,778",35,"1,606",1,"1,874",8,"1,818",6,"1,814",7,"2,035",3,951,6,680,4,"9,147",25,"1,631",10
2018,04:00 PM,"11,056",45,"1,641",5,"1,840",7,"1,964",6,"1,890",5,"2,003",5,943,13,775,4,"9,338",28,"1,718",17
2018,05:00 PM,"10,951",53,"1,665",5,"1,948",4,"1,910",5,"1,958",9,"1,797",12,945,8,728,10,"9,278",35,"1,673",18
2018,06:00 PM,"8,498",55,"1,119",7,"1,371",9,"1,433",7,"1,359",10,"1,472",6,963,13,781,3,"5,282",33,"3,216",22
2018,07:00 PM,"5,254",64,654,10,714,6,741,13,835,6,984,8,748,12,578,9,"2,944",35,"2,310",29
2018,08:00 PM,"4,328",69,551,11,558,7,621,6,599,15,713,11,709,10,577,9,"2,329",39,"1,999",30
2018,09:00 PM,"3,406",55,397,5,430,4,486,9,471,7,611,10,571,8,440,12,"1,784",25,"1,622",30
2018,10:00 PM,"2,613",38,266,1,317,5,337,4,320,3,544,14,512,5,317,6,"1,240",13,"1,373",25
2018,11:00 PM,"1,876",38,193,4,201,4,215,4,240,6,411,6,418,8,198,6,849,18,"1,027",20
2017,12:00 AM,"1,485",44,160,8,143,11,147,2,167,3,191,7,313,8,364,5,648,23,837,21
2017,01:00 AM,"1,220",23,134,3,101,1,141,4,135,5,158,1,246,4,305,5,535,11,685,12
2017,02:00 AM,"1,297",32,147,1,111,6,100,2,128,5,165,7,281,3,365,8,504,20,793,12
2017,03:00 AM,"1,024",23,119,3,98,2,77,1,109,3,112,4,233,4,276,6,396,10,628,13
2017,04:00 AM,"1,173",26,167,1,156,0,167,5,146,7,168,6,179,5,190,2,637,18,536,8
2017,05:00 AM,"2,252",28,344,2,362,3,342,3,373,3,363,5,253,7,215,5,"1,440",14,812,14
2017,06:00 AM,"4,532",46,774,3,859,10,822,7,803,11,696,6,308,4,270,5,"3,954",37,578,9
2017,07:00 AM,"8,269",38,"1,402",8,"1,746",4,"1,670",6,"1,590",6,"1,227",3,365,4,269,7,"7,635",27,634,11
2017,08:00 AM,"6,960",18,"1,131",2,"1,384",5,"1,425",1,"1,188",4,"1,020",4,518,1,294,1,"6,148",16,812,2
2017,09:00 AM,"5,035",21,690,2,853,2,831,5,797,2,790,7,638,0,436,3,"3,961",18,"1,074",3
2017,10:00 AM,"5,225",24,714,3,737,3,801,4,754,4,819,4,852,3,548,3,"3,825",18,"1,400",6
2017,11:00 AM,"6,119",33,833,3,873,5,874,4,869,10,"1,045",5,976,3,649,3,"4,494",27,"1,625",6
2017,12:00 PM,"7,334",39,969,1,"1,079",8,"1,063",4,"1,119",4,"1,331",8,"1,068",7,705,7,"5,561",25,"1,773",14
2017,01:00 PM,"7,348",36,932,6,949,5,"1,164",5,"1,077",2,"1,393",6,"1,062",6,771,6,"5,515",24,"1,833",12
2017,02:00 PM,"8,752",52,"1,269",5,"1,352",8,"1,366",8,"1,370",4,"1,662",7,996,9,737,11,"7,019",32,"1,733",20
2017,03:00 PM,"10,792",46,"1,644",5,"1,811",3,"1,779",7,"1,868",3,"2,008",12,993,10,689,6,"9,110",30,"1,682",16
2017,04:00 PM,"10,981",50,"1,586",4,"1,844",8,"1,881",4,"1,982",12,"2,001",8,970,10,717,4,"9,294",36,"1,687",14
2017,05:00 PM,"10,987",51,"1,610",5,"1,912",8,"1,938",9,"1,958",6,"1,858",12,989,7,722,4,"9,276",40,"1,711",11
2017,06:00 PM,"8,726",52,"1,161",5,"1,338",11,"1,453",4,"1,545",6,"1,496",11,"1,000",9,733,6,"5,497",26,"3,229",26
2017,07:00 PM,"5,341",57,680,7,708,5,775,5,815,9,988,17,762,8,613,6,"2,978",26,"2,363",31
2017,08:00 PM,"4,113",69,505,11,540,8,584,11,628,9,704,9,626,9,526,12,"2,257",39,"1,856",30
2017,09:00 PM,"3,431",43,416,3,420,5,485,8,486,3,599,6,595,11,430,7,"1,807",19,"1,624",24
2017,10:00 PM,"2,722",36,252,3,303,3,315,4,381,7,565,6,576,7,330,6,"1,251",17,"1,471",19
2017,11:00 PM,"1,946",32,181,4,197,1,212,1,243,5,443,5,406,12,264,4,833,11,"1,113",21
2016,12:00 AM,"1,452",35,154,2,132,7,133,1,185,5,176,3,341,6,331,11,626,16,826,19
2016,01:00 AM,"1,228",29,128,1,102,3,110,1,127,2,191,3,270,9,300,10,530,9,698,20
2016,02:00 AM,"1,387",28,170,6,107,1,102,1,129,3,187,3,349,10,343,4,525,8,862,20
2016,03:00 AM,"1,024",25,113,3,98,3,93,3,120,3,158,5,220,6,222,2,469,14,555,11
2016,04:00 AM,"1,243",23,157,5,143,2,162,3,170,1,187,4,228,5,196,3,662,10,581,13
2016,05:00 AM,"2,228",29,317,8,371,4,344,4,382,5,338,2,278,2,198,4,"1,435",15,793,14
2016,06:00 AM,"4,408",43,731,7,849,4,811,8,797,5,657,5,298,7,265,7,"3,845",29,563,14
2016,07:00 AM,"8,033",24,"1,379",7,"1,690",5,"1,607",2,"1,473",2,"1,290",2,351,5,243,1,"7,439",18,594,6
2016,08:00 AM,"7,016",25,"1,142",4,"1,365",8,"1,340",5,"1,247",2,"1,085",1,521,5,316,0,"6,179",20,837,5
2016,09:00 AM,"4,926",19,694,3,801,3,768,2,814,1,825,6,600,3,424,1,"3,902",15,"1,024",4
2016,10:00 AM,"5,063",25,757,6,740,3,734,3,764,4,803,2,761,3,504,4,"3,798",18,"1,265",7
2016,11:00 AM,"6,197",39,872,8,892,9,866,3,956,1,"1,051",5,921,1,639,12,"4,637",26,"1,560",13
2016,12:00 PM,"7,302",31,993,4,"1,035",0,"1,033",4,"1,079",3,"1,360",8,"1,085",6,717,6,"5,500",19,"1,802",12
2016,01:00 PM,"7,321",51,991,9,982,8,"1,132",11,"1,112",4,"1,322",4,"1,044",10,738,5,"5,539",36,"1,782",15
2016,02:00 PM,"8,790",29,"1,392",5,"1,304",5,"1,360",4,"1,333",5,"1,638",5,"1,019",3,744,2,"7,027",24,"1,763",5
2016,03:00 PM,"10,628",37,"1,590",8,"1,829",4,"1,685",6,"1,891",5,"1,993",4,925,5,715,5,"8,988",27,"1,640",10
2016,04:00 PM,"11,199",37,"1,716",4,"1,907",6,"1,863",3,"1,986",10,"2,037",6,938,4,752,4,"9,509",29,"1,690",8
2016,05:00 PM,"11,097",47,"1,703",3,"1,939",6,"1,867",5,"2,119",4,"1,788",8,938,10,743,11,"9,416",26,"1,681",21
2016,06:00 PM,"8,819",48,"1,141",1,"1,360",5,"1,383",9,"1,486",10,"1,645",12,"1,028",8,776,3,"5,370",25,"3,449",23
2016,07:00 PM,"5,446",66,662,9,732,7,730,8,866,10,996,12,793,14,667,6,"2,990",34,"2,456",32
2016,08:00 PM,"4,126",61,493,8,552,5,519,6,554,9,781,12,662,12,565,9,"2,118",28,"2,008",33
2016,09:00 PM,"3,338",40,407,4,406,6,434,5,455,6,636,6,563,8,437,5,"1,702",21,"1,636",19
2016,10:00 PM,"2,744",32,283,3,306,3,341,2,364,7,591,6,524,6,335,5,"1,294",15,"1,450",17
2016,11:00 PM,"1,972",33,196,5,199,4,217,2,230,6,433,11,438,2,259,3,842,17,"1,130",16
2015,12:00 AM,"1,374",40,153,3,139,6,129,5,164,7,168,5,320,8,301,6,600,23,774,17
2015,01:00 AM,"1,231",32,135,3,114,5,113,5,132,3,142,4,305,8,290,4,501,17,730,15
2015,02:00 AM,"1,215",26,120,1,107,2,85,1,142,1,143,5,308,9,310,7,477,9,738,17
2015,03:00 AM,989,19,104,0,78,3,92,1,126,0,126,4,230,5,233,6,422,8,567,11
2015,04:00 AM,"1,077",17,138,0,117,1,141,2,151,3,137,4,196,5,197,2,546,10,531,7
2015,05:00 AM,"1,955",34,301,3,312,3,312,3,326,9,268,3,226,6,210,7,"1,218",18,737,16
2015,06:00 AM,"3,913",28,671,4,734,6,706,1,747,2,556,4,244,4,255,7,"3,414",17,499,11
2015,07:00 AM,"7,576",34,"1,410",4,"1,514",6,"1,447",6,"1,456",0,"1,168",11,315,3,266,4,"6,995",27,581,7
2015,08:00 AM,"6,512",21,"1,105",4,"1,349",0,"1,192",6,"1,194",5,987,2,404,2,281,2,"5,827",17,685,4
2015,09:00 AM,"4,566",28,749,2,733,2,684,2,721,6,760,4,570,10,349,2,"3,647",16,919,12
2015,10:00 AM,"4,580",21,675,2,695,5,622,1,684,4,736,2,692,4,476,3,"3,412",14,"1,168",7
2015,11:00 AM,"5,570",35,791,5,813,5,826,3,798,5,912,3,870,9,560,5,"4,140",21,"1,430",14
2015,12:00 PM,"6,596",26,922,3,979,5,"1,002",1,967,3,"1,136",3,964,3,626,8,"5,006",15,"1,590",11
2015,01:00 PM,"6,739",33,989,4,953,5,981,4,967,4,"1,197",10,991,4,661,2,"5,087",27,"1,652",6
2015,02:00 PM,"8,135",28,"1,269",4,"1,342",3,"1,218",7,"1,210",6,"1,493",3,920,3,683,2,"6,532",23,"1,603",5
2015,03:00 PM,"10,007",44,"1,603",5,"1,676",7,"1,561",9,"1,631",3,"1,832",6,928,7,776,7,"8,303",30,"1,704",14
2015,04:00 PM,"10,206",45,"1,557",10,"1,713",3,"1,680",4,"1,799",7,"1,873",11,896,6,688,4,"8,622",35,"1,584",10
2015,05:00 PM,"10,194",43,"1,510",10,"1,744",2,"1,820",9,"1,804",5,"1,800",2,840,6,676,9,"8,678",28,"1,516",15
2015,06:00 PM,"8,151",51,"1,087",8,"1,269",6,"1,376",2,"1,328",8,"1,468",6,905,14,718,7,"5,060",24,"3,091",27
2015,07:00 PM,"4,882",43,605,3,663,8,740,6,737,8,919,6,655,9,563,3,"2,745",25,"2,137",18
2015,08:00 PM,"3,736",53,491,2,469,7,477,6,518,7,665,11,611,8,505,12,"1,955",22,"1,781",31
2015,09:00 PM,"3,094",38,343,4,343,3,427,5,436,5,563,6,568,9,414,6,"1,549",17,"1,545",21
2015,10:00 PM,"2,497",41,250,6,286,1,286,5,348,8,520,9,485,5,322,7,"1,170",20,"1,327",21
2015,11:00 PM,"1,814",31,198,4,163,3,200,2,243,6,402,4,392,7,216,5,804,15,"1,010",16
2014,12:00 AM,"1,323",41,138,7,123,6,154,0,131,8,162,6,303,10,312,4,570,20,753,21
2014,01:00 AM,"1,111",15,115,2,91,0,122,2,120,2,141,2,267,2,255,5,474,6,637,9
2014,02:00 AM,"1,151",24,112,0,88,3,94,3,106,2,134,3,287,11,330,2,422,11,729,13
2014,03:00 AM,908,14,88,5,79,0,89,2,75,0,104,2,242,4,231,1,347,4,561,10
2014,04:00 AM,971,17,111,1,111,3,112,1,117,1,107,5,207,4,206,2,447,10,524,7
2014,05:00 AM,"1,745",30,308,5,235,6,296,2,274,5,232,6,221,3,179,3,"1,037",19,708,11
2014,06:00 AM,"3,583",29,620,5,660,4,683,8,646,2,516,3,256,3,202,4,"3,125",22,458,7
2014,07:00 AM,"7,163",21,"1,314",2,"1,400",0,"1,479",4,"1,345",3,"1,083",3,318,6,224,3,"6,621",12,542,9
2014,08:00 AM,"6,207",19,"1,042",3,"1,206",2,"1,263",5,"1,080",3,931,0,434,3,251,3,"5,522",13,685,6
2014,09:00 AM,"4,239",17,662,1,670,2,741,2,656,1,676,6,522,2,312,3,"3,405",12,834,5
2014,10:00 AM,"4,521",25,659,4,696,0,696,4,677,5,686,2,670,7,437,3,"3,414",15,"1,107",10
2014,11:00 AM,"5,433",33,789,3,809,3,799,4,796,2,878,3,823,7,539,11,"4,071",15,"1,362",18
2014,12:00 PM,"6,275",29,920,4,882,3,976,2,965,8,"1,069",5,850,3,613,4,"4,812",22,"1,463",7
2014,01:00 PM,"6,278",29,861,2,924,6,965,5,908,4,"1,121",2,903,6,596,4,"4,779",19,"1,499",10
2014,02:00 PM,"7,476",29,"1,084",4,"1,177",4,"1,207",4,"1,095",6,"1,407",2,855,4,651,5,"5,970",20,"1,506",9
2014,03:00 PM,"9,122",27,"1,412",4,"1,552",5,"1,438",6,"1,400",4,"1,834",1,873,5,613,2,"7,636",20,"1,486",7
2014,04:00 PM,"9,527",32,"1,457",6,"1,592",3,"1,583",5,"1,637",1,"1,740",6,868,9,650,2,"8,009",21,"1,518",11
2014,05:00 PM,"9,566",53,"1,516",9,"1,733",9,"1,610",2,"1,622",8,"1,622",8,835,11,628,6,"8,103",36,"1,463",17
2014,06:00 PM,"7,529",41,"1,065",4,"1,207",6,"1,216",6,"1,166",6,"1,324",6,876,8,675,5,"4,654",22,"2,875",19
2014,07:00 PM,"4,518",47,579,6,604,4,593,11,658,3,876,5,665,11,543,7,"2,434",24,"2,084",23
2014,08:00 PM,"3,568",47,430,7,472,4,517,4,523,4,642,11,567,11,417,6,"1,942",19,"1,626",28
2014,09:00 PM,"3,086",30,339,2,387,1,431,3,430,5,581,10,553,4,365,5,"1,587",11,"1,499",19
2014,10:00 PM,"2,485",34,261,2,255,5,324,4,329,7,527,6,500,8,289,2,"1,169",18,"1,316",16
2014,11:00 PM,"1,769",25,189,3,182,3,231,3,219,1,366,4,373,8,209,3,821,10,948,15
2013,12:00 AM,"1,222",42,149,6,110,4,99,1,126,4,164,8,290,10,284,9,499,17,723,25
2013,01:00 AM,"1,025",14,91,1,84,1,85,3,119,3,106,3,266,3,274,0,394,10,631,4
2013,02:00 AM,"1,242",18,114,0,95,1,109,1,98,1,164,3,317,6,345,6,466,6,776,12
2013,03:00 AM,862,20,88,5,89,2,65,1,94,3,131,1,207,3,188,5,379,7,483,13
2013,04:00 AM,957,22,111,2,94,3,96,2,113,3,123,0,221,5,199,7,426,8,531,14
2013,05:00 AM,"1,619",21,262,1,276,4,237,3,238,5,242,3,180,3,184,2,993,15,626,6
2013,06:00 AM,"3,443",34,535,6,646,6,641,2,595,3,538,7,258,5,230,5,"2,955",24,488,10
2013,07:00 AM,"6,932",31,"1,239",7,"1,376",6,"1,286",4,"1,355",2,"1,122",4,345,2,209,6,"6,378",23,554,8
2013,08:00 AM,"6,229",20,"1,104",2,"1,181",4,"1,116",1,"1,087",1,"1,016",2,423,4,302,6,"5,504",10,725,10
2013,09:00 AM,"4,268",18,617,4,702,1,680,8,637,1,668,0,589,2,375,2,"3,304",14,964,4
2013,10:00 AM,"4,507",29,664,5,668,1,665,6,661,2,699,3,665,6,485,6,"3,357",17,"1,150",12
2013,11:00 AM,"5,296",25,734,2,743,4,833,5,812,7,872,0,791,5,511,2,"3,994",18,"1,302",7
2013,12:00 PM,"6,313",32,867,7,933,3,908,3,949,4,"1,132",3,885,5,639,7,"4,789",20,"1,524",12
2013,01:00 PM,"6,110",29,868,5,930,1,878,2,889,3,"1,107",4,883,11,555,3,"4,672",15,"1,438",14
2013,02:00 PM,"7,403",31,"1,155",3,"1,111",2,"1,128",3,"1,101",7,"1,396",3,868,6,644,7,"5,891",18,"1,512",13
2013,03:00 PM,"8,911",45,"1,355",4,"1,446",5,"1,438",7,"1,502",4,"1,749",5,817,14,604,6,"7,490",25,"1,421",20
2013,04:00 PM,"9,226",33,"1,432",7,"1,610",3,"1,516",8,"1,521",3,"1,760",5,770,3,617,4,"7,839",26,"1,387",7
2013,05:00 PM,"9,575",49,"1,415",9,"1,636",5,"1,680",6,"1,721",7,"1,727",7,814,7,582,8,"8,179",34,"1,396",15
2013,06:00 PM,"7,480",59,988,8,"1,153",10,"1,242",4,"1,223",6,"1,401",11,835,9,638,11,"4,606",28,"2,874",31
2013,07:00 PM,"4,223",52,597,9,584,4,603,10,594,7,712,6,610,9,523,7,"2,378",30,"1,845",22
2013,08:00 PM,"3,560",51,439,3,460,5,500,10,494,4,669,9,565,9,433,11,"1,893",22,"1,667",29
2013,09:00 PM,"2,949",34,335,2,360,5,377,2,428,9,611,7,503,4,335,5,"1,500",18,"1,449",16
2013,10:00 PM,"2,310",37,258,3,223,1,253,4,337,3,472,11,481,8,286,7,"1,071",11,"1,239",26
2013,11:00 PM,"1,686",31,172,5,175,0,183,4,211,4,380,4,386,10,179,4,741,13,945,18
2012,12:00 AM,"1,180",49,110,7,108,4,98,7,130,1,154,6,291,13,289,11,490,18,690,31
2012,01:00 AM,"1,126",28,123,4,88,4,93,0,136,4,127,2,288,8,271,6,444,10,682,18
2012,02:00 AM,"1,278",26,102,3,97,1,111,1,134,4,153,3,343,10,338,4,495,9,783,17
2012,03:00 AM,908,25,92,1,71,3,73,0,90,2,112,4,215,8,255,7,346,9,562,16
2012,04:00 AM,954,19,107,2,97,5,117,2,135,3,128,0,185,5,185,2,477,10,477,9
2012,05:00 AM,"1,568",26,242,4,225,4,224,6,258,1,223,2,209,3,187,6,930,13,638,13
2012,06:00 AM,"3,175",18,467,5,571,2,614,2,544,1,516,2,240,4,223,2,"2,712",12,463,6
2012,07:00 AM,"6,396",19,"1,096",4,"1,318",2,"1,226",2,"1,166",1,"1,050",4,321,6,219,0,"5,856",13,540,6
2012,08:00 AM,"5,780",16,939,0,"1,147",0,"1,072",4,"1,024",1,910,4,428,3,260,4,"5,092",9,688,7
2012,09:00 AM,"4,056",29,636,3,655,4,657,6,608,1,666,5,496,6,338,4,"3,222",19,834,10
2012,10:00 AM,"4,336",20,625,3,631,2,636,4,592,2,750,0,660,6,442,3,"3,234",11,"1,102",9
2012,11:00 AM,"5,238",25,712,1,739,1,796,2,721,6,951,4,789,2,530,9,"3,919",14,"1,319",11
2012,12:00 PM,"6,184",36,844,3,900,4,912,7,959,2,"1,017",5,898,6,654,9,"4,632",21,"1,552",15
2012,01:00 PM,"6,005",29,933,2,852,4,891,5,854,2,"1,097",5,789,4,589,7,"4,627",18,"1,378",11
2012,02:00 PM,"6,973",31,"1,002",4,"1,024",5,"1,086",5,"1,055",4,"1,344",4,825,7,637,2,"5,511",22,"1,462",9
2012,03:00 PM,"8,630",42,"1,342",6,"1,431",7,"1,416",4,"1,412",3,"1,566",9,868,9,595,4,"7,167",29,"1,463",13
2012,04:00 PM,"9,063",40,"1,408",4,"1,494",5,"1,470",4,"1,496",6,"1,701",4,828,8,666,9,"7,569",23,"1,494",17
2012,05:00 PM,"9,265",34,"1,336",4,"1,684",2,"1,637",4,"1,609",6,"1,565",6,805,8,629,4,"7,831",22,"1,434",12
2012,06:00 PM,"6,980",56,903,11,"1,075",7,"1,142",8,"1,168",10,"1,239",10,845,4,608,6,"4,288",36,"2,692",20
2012,07:00 PM,"4,164",41,503,3,539,4,604,7,602,7,738,6,654,7,524,7,"2,248",21,"1,916",20
2012,08:00 PM,"3,448",43,381,8,436,7,503,8,485,4,639,3,548,8,456,5,"1,805",27,"1,643",16
2012,09:00 PM,"2,981",32,342,0,374,4,403,4,437,5,559,9,512,7,354,3,"1,556",13,"1,425",19
2012,10:00 PM,"2,242",30,221,4,260,4,286,3,291,3,473,1,433,7,278,8,"1,058",14,"1,184",16
2012,11:00 PM,"1,707",24,179,3,169,8,195,3,215,2,383,3,373,3,193,2,758,16,949,8
2011,12:00 AM,"1,211",44,110,7,96,6,120,3,116,6,168,5,289,9,312,8,500,20,711,24
2011,01:00 AM,"1,137",22,116,0,93,2,89,1,126,4,167,0,268,10,278,5,475,7,662,15
2011,02:00 AM,"1,340",35,107,7,83,3,112,3,117,3,178,6,359,8,384,5,490,15,850,20
2011,03:00 AM,928,20,101,2,82,2,65,0,99,3,108,2,233,8,240,3,354,7,574,13
2011,04:00 AM,972,19,120,2,106,1,98,2,88,1,136,2,210,4,214,7,428,6,544,13
2011,05:00 AM,"1,492",20,216,4,227,5,209,3,229,1,201,3,195,2,215,2,866,12,626,8
2011,06:00 AM,"3,021",22,488,3,573,3,566,4,527,7,407,2,244,1,216,2,"2,561",19,460,3
2011,07:00 AM,"6,339",26,"1,132",8,"1,271",3,"1,228",2,"1,169",5,952,2,333,3,254,3,"5,752",20,587,6
2011,08:00 AM,"5,556",16,911,0,"1,144",5,"1,030",0,973,5,823,5,423,1,252,0,"4,881",15,675,1
2011,09:00 AM,"3,993",27,592,3,674,6,654,3,594,2,591,3,559,6,329,4,"3,105",17,888,10
2011,10:00 AM,"4,418",30,649,7,626,2,667,1,625,4,707,7,702,4,442,5,"3,274",21,"1,144",9
2011,11:00 AM,"5,294",14,757,3,779,2,744,3,771,0,914,1,810,3,519,2,"3,965",9,"1,329",5
2011,12:00 PM,"6,206",40,878,7,878,6,922,2,898,1,"1,103",4,863,8,664,12,"4,679",20,"1,527",20
2011,01:00 PM,"6,173",34,900,4,880,6,920,2,865,5,"1,055",5,960,4,593,8,"4,620",22,"1,553",12
2011,02:00 PM,"7,328",42,"1,053",3,"1,102",9,"1,190",5,"1,097",6,"1,336",4,927,8,623,7,"5,778",27,"1,550",15
2011,03:00 PM,"8,792",33,"1,433",1,"1,424",4,"1,406",6,"1,437",1,"1,597",6,862,9,633,6,"7,297",18,"1,495",15
2011,04:00 PM,"8,915",36,"1,357",7,"1,490",6,"1,477",7,"1,582",7,"1,601",4,840,4,568,1,"7,507",31,"1,408",5
2011,05:00 PM,"9,202",52,"1,355",7,"1,645",10,"1,642",9,"1,643",8,"1,576",6,767,9,574,3,"7,861",40,"1,341",12
2011,06:00 PM,"6,964",44,922,3,"1,061",5,"1,173",12,"1,142",6,"1,260",6,793,6,613,6,"4,298",26,"2,666",18
2011,07:00 PM,"4,155",42,524,4,539,3,589,7,589,7,747,6,668,11,499,4,"2,241",21,"1,914",21
2011,08:00 PM,"3,276",43,405,6,457,8,463,3,459,5,566,11,554,6,372,4,"1,784",22,"1,492",21
2011,09:00 PM,"2,828",34,326,3,333,3,360,5,403,9,542,6,525,4,339,4,"1,422",20,"1,406",14
2011,10:00 PM,"2,249",38,256,5,263,3,255,3,299,6,448,9,479,8,249,4,"1,073",17,"1,176",21
2011,11:00 PM,"1,634",21,173,2,152,2,178,0,185,2,356,8,387,5,203,2,688,6,946,15
2010,12:00 AM,"1,224",59,135,8,98,5,105,3,127,8,161,10,292,12,306,13,491,26,733,33
2010,01:00 AM,"1,099",20,108,2,90,1,94,1,110,1,145,0,254,7,298,8,439,3,660,17
2010,02:00 AM,"1,278",26,102,1,76,2,96,0,131,3,181,8,318,7,374,5,484,13,794,13
2010,03:00 AM,864,24,80,1,60,0,69,0,97,5,109,6,212,7,237,5,335,11,529,13
2010,04:00 AM,916,14,92,2,90,1,101,1,125,0,121,2,188,3,199,5,437,4,479,10
2010,05:00 AM,"1,395",17,189,3,218,2,185,1,206,1,191,3,207,4,199,3,800,7,595,10
2010,06:00 AM,"2,910",21,472,1,564,6,513,2,528,3,436,4,213,4,184,1,"2,513",16,397,5
2010,07:00 AM,"6,365",23,"1,082",4,"1,251",2,"1,214",3,"1,310",5,"1,008",5,308,3,192,1,"5,865",19,500,4
2010,08:00 AM,"5,921",18,"1,009",3,"1,219",1,"1,055",1,"1,106",1,908,4,382,5,242,3,"5,297",10,624,8
2010,09:00 AM,"4,238",24,597,1,709,3,670,6,689,4,692,4,527,3,354,3,"3,357",18,881,6
2010,10:00 AM,"4,627",29,694,3,689,5,699,1,682,4,748,7,623,3,492,6,"3,512",20,"1,115",9
2010,11:00 AM,"5,635",24,814,2,808,3,874,2,840,2,928,4,805,4,566,7,"4,264",13,"1,371",11
2010,12:00 PM,"6,762",34,995,2,"1,020",3,"1,010",5,"1,031",5,"1,123",10,920,7,663,2,"5,179",25,"1,583",9
2010,01:00 PM,"6,755",26,955,0,"1,045",2,"1,082",4,953,2,"1,112",8,923,7,685,3,"5,147",16,"1,608",10
2010,02:00 PM,"7,549",23,"1,131",3,"1,206",0,"1,161",4,"1,158",3,"1,401",6,854,6,638,1,"6,057",16,"1,492",7
2010,03:00 PM,"8,926",28,"1,375",5,"1,491",3,"1,447",4,"1,512",3,"1,619",6,850,5,632,2,"7,444",21,"1,482",7
2010,04:00 PM,"9,115",38,"1,428",9,"1,565",5,"1,474",4,"1,504",4,"1,663",7,849,6,632,3,"7,634",29,"1,481",9
2010,05:00 PM,"9,322",34,"1,373",2,"1,719",5,"1,622",9,"1,620",2,"1,540",5,798,3,650,8,"7,874",23,"1,448",11
2010,06:00 PM,"7,056",48,873,5,"1,110",10,"1,239",5,"1,133",4,"1,245",11,807,5,649,8,"4,355",24,"2,701",24
2010,07:00 PM,"4,255",42,497,9,644,6,585,7,602,6,813,6,626,6,488,2,"2,328",28,"1,927",14
2010,08:00 PM,"3,392",37,410,7,443,1,477,8,497,5,602,9,539,4,424,3,"1,827",21,"1,565",16
2010,09:00 PM,"2,772",41,318,6,373,5,381,6,405,6,493,7,460,3,342,8,"1,477",23,"1,295",18
2010,10:00 PM,"2,204",22,212,3,272,2,263,4,292,3,447,7,457,2,261,1,"1,039",12,"1,165",10
2010,11:00 PM,"1,597",26,138,1,171,5,176,2,217,2,341,8,365,6,189,2,702,10,895,16
2009,12:00 AM,"1,371",46,156,9,135,8,122,4,148,3,162,3,342,10,306,9,567,18,804,28
2009,01:00 AM,"1,279",20,119,2,84,0,119,2,122,1,153,3,342,7,340,5,478,6,801,14
2009,02:00 AM,"1,343",20,113,2,86,0,116,0,128,1,173,5,363,7,364,5,503,6,840,14
2009,03:00 AM,969,30,82,1,75,1,88,3,106,5,117,2,243,8,258,10,386,11,583,19
2009,04:00 AM,906,18,104,0,105,2,106,2,120,0,100,3,198,7,173,4,431,7,475,11
2009,05:00 AM,"1,434",25,196,6,251,2,193,2,209,1,207,6,161,4,217,4,860,11,574,14
2009,06:00 AM,"2,877",25,462,3,544,2,482,1,499,8,427,3,252,4,211,4,"2,414",17,463,8
2009,07:00 AM,"6,272",20,"1,130",1,"1,308",4,"1,180",3,"1,113",4,961,2,344,2,236,4,"5,692",14,580,6
2009,08:00 AM,"5,781",25,944,4,"1,209",3,"1,038",4,"1,007",2,860,7,427,2,296,3,"5,058",20,723,5
2009,09:00 AM,"4,243",22,650,3,721,2,679,1,645,3,655,5,568,4,325,4,"3,350",14,893,8
2009,10:00 AM,"4,857",28,760,1,683,5,690,5,751,4,787,4,697,6,489,3,"3,671",19,"1,186",9
2009,11:00 AM,"5,732",27,847,1,811,4,914,3,838,4,950,3,821,8,551,4,"4,360",15,"1,372",12
2009,12:00 PM,"6,772",24,993,3,"1,016",1,960,3,"1,028",5,"1,173",6,948,5,654,1,"5,170",18,"1,602",6
2009,01:00 PM,"6,711",23,941,3,918,1,"1,066",3,993,6,"1,214",4,930,5,649,1,"5,132",17,"1,579",6
2009,02:00 PM,"7,567",34,"1,162",4,"1,167",8,"1,141",4,"1,222",6,"1,305",3,899,6,671,3,"5,997",25,"1,570",9
2009,03:00 PM,"9,074",38,"1,393",5,"1,547",4,"1,407",4,"1,584",6,"1,684",3,799,10,660,6,"7,615",22,"1,459",16
2009,04:00 PM,"9,146",36,"1,424",7,"1,583",7,"1,566",8,"1,449",1,"1,580",6,844,6,700,1,"7,602",29,"1,544",7
2009,05:00 PM,"9,113",35,"1,357",3,"1,611",1,"1,608",4,"1,593",10,"1,445",2,810,6,689,9,"7,614",20,"1,499",15
2009,06:00 PM,"6,772",52,979,5,"1,103",6,"1,031",11,"1,133",6,"1,129",10,764,5,633,9,"4,246",28,"2,526",24
2009,07:00 PM,"4,172",43,513,5,576,6,581,5,600,3,757,7,629,7,516,10,"2,270",19,"1,902",24
2009,08:00 PM,"3,376",29,409,4,422,2,455,4,454,5,592,5,580,3,464,6,"1,740",15,"1,636",14
2009,09:00 PM,"2,967",40,344,8,362,3,383,10,426,6,566,5,497,3,389,5,"1,515",27,"1,452",13
2009,10:00 PM,"2,234",24,263,3,245,4,267,2,289,4,471,3,434,6,265,2,"1,064",13,"1,170",11
2009,11:00 PM,"1,799",25,166,3,178,3,181,2,222,2,431,6,404,4,217,5,747,10,"1,052",15
2008,12:00 AM,"1,647",40,174,0,182,2,143,9,178,3,199,6,369,12,402,8,702,20,945,20
2008,01:00 AM,"1,321",36,128,4,142,6,103,3,133,5,154,2,316,13,345,3,532,16,789,20
2008,02:00 AM,"1,529",34,129,7,112,1,121,1,143,3,202,4,397,7,425,11,578,9,951,25
2008,03:00 AM,"1,015",28,74,3,90,2,87,2,87,5,107,2,279,6,291,8,371,11,644,17
2008,04:00 AM,"1,057",24,143,5,135,2,114,3,117,1,137,1,189,9,222,3,503,7,554,17
2008,05:00 AM,"1,863",31,287,5,265,5,285,3,291,5,305,3,213,2,217,8,"1,146",16,717,15
2008,06:00 AM,"3,721",20,630,1,695,4,680,3,624,4,580,1,278,4,234,3,"3,209",13,512,7
2008,07:00 AM,"7,290",33,"1,324",6,"1,530",1,"1,384",4,"1,306",6,"1,130",5,371,8,245,3,"6,674",22,616,11
2008,08:00 AM,"6,698",16,"1,134",2,"1,320",2,"1,221",4,"1,194",2,"1,026",3,503,2,300,1,"5,895",13,803,3
2008,09:00 AM,"4,903",36,805,6,846,5,756,3,709,3,769,5,634,10,384,4,"3,885",22,"1,018",14
2008,10:00 AM,"5,180",30,775,6,800,1,814,3,773,4,749,4,703,6,566,6,"3,911",18,"1,269",12
2008,11:00 AM,"6,031",34,888,5,914,5,914,4,893,7,"1,006",3,886,3,530,7,"4,615",24,"1,416",10
2008,12:00 PM,"7,285",41,"1,092",5,"1,080",4,"1,086",5,"1,106",5,"1,166",4,991,11,764,7,"5,530",23,"1,755",18
2008,01:00 PM,"7,115",27,"1,063",5,"1,040",2,"1,079",4,998,3,"1,302",7,936,4,697,2,"5,482",21,"1,633",6
2008,02:00 PM,"8,563",53,"1,321",6,"1,331",7,"1,293",7,"1,312",7,"1,631",7,960,11,715,8,"6,888",34,"1,675",19
2008,03:00 PM,"10,042",36,"1,647",3,"1,659",4,"1,503",5,"1,590",4,"1,959",4,937,11,747,5,"8,358",20,"1,684",16
2008,04:00 PM,"10,294",33,"1,552",1,"1,677",5,"1,721",5,"1,697",0,"1,927",10,929,4,791,8,"8,574",21,"1,720",12
2008,05:00 PM,"10,069",60,"1,583",3,"1,745",9,"1,709",7,"1,650",9,"1,786",10,845,14,751,8,"8,473",38,"1,596",22
2008,06:00 PM,"7,585",39,"1,059",6,"1,104",11,"1,148",5,"1,230",2,"1,395",8,911,4,738,3,"4,541",24,"3,044",15
2008,07:00 PM,"4,566",46,568,6,583,9,622,3,672,6,835,5,731,9,555,8,"2,445",24,"2,121",22
2008,08:00 PM,"3,818",40,452,9,474,7,513,3,577,3,673,6,635,8,494,4,"2,016",22,"1,802",18
2008,09:00 PM,"3,335",42,353,4,360,2,429,4,534,6,636,7,599,12,424,7,"1,676",16,"1,659",26
2008,10:00 PM,"2,656",33,278,7,281,4,333,5,371,2,573,4,539,4,281,7,"1,263",18,"1,393",15
2008,11:00 PM,"2,005",30,194,3,177,3,242,3,250,5,489,7,435,5,218,4,863,14,"1,142",16
2007,12:00 AM,"1,924",48,222,3,141,4,177,4,212,5,245,5,456,15,471,12,775,18,"1,149",30
2007,01:00 AM,"1,704",41,181,1,130,4,151,2,154,4,212,6,464,9,412,15,647,16,"1,057",25
2007,02:00 AM,"1,917",43,179,8,140,1,139,1,174,4,220,6,535,15,530,8,673,12,"1,244",31
2007,03:00 AM,"1,274",28,133,5,98,4,92,1,107,0,161,2,330,9,353,7,458,7,816,21
2007,04:00 AM,"1,282",24,181,4,152,1,142,2,132,3,165,0,242,8,268,6,591,6,691,18
2007,05:00 AM,"2,294",37,368,4,347,4,352,5,355,0,344,6,281,7,247,11,"1,398",15,896,22
2007,06:00 AM,"4,537",36,778,3,836,4,842,3,796,7,698,6,358,6,229,7,"3,950",23,587,13
2007,07:00 AM,"8,509",26,"1,494",4,"1,715",6,"1,665",3,"1,524",3,"1,419",3,435,7,257,0,"7,817",19,692,7
2007,08:00 AM,"7,561",29,"1,236",5,"1,441",2,"1,399",2,"1,361",3,"1,228",4,582,9,314,4,"6,665",16,896,13
2007,09:00 AM,"5,499",24,839,1,918,3,847,5,793,4,906,1,739,3,457,7,"4,303",14,"1,196",10
2007,10:00 AM,"5,752",33,820,4,831,4,854,4,859,7,934,8,877,2,577,4,"4,298",27,"1,454",6
2007,11:00 AM,"7,067",37,"1,015",8,"1,029",1,"1,002",5,"1,002",3,"1,256",5,"1,076",6,687,9,"5,304",22,"1,763",15
2007,12:00 PM,"8,514",36,"1,216",2,"1,225",4,"1,272",5,"1,200",9,"1,530",4,"1,256",5,815,7,"6,443",24,"2,071",12
2007,01:00 PM,"8,479",33,"1,197",5,"1,183",5,"1,281",6,"1,220",3,"1,525",5,"1,257",4,816,5,"6,406",24,"2,073",9
2007,02:00 PM,"9,982",46,"1,515",5,"1,463",7,"1,500",5,"1,527",7,"1,985",10,"1,167",8,825,4,"7,990",34,"1,992",12
2007,03:00 PM,"11,862",50,"1,883",9,"1,947",6,"1,834",3,"1,928",9,"2,307",6,"1,137",7,826,10,"9,899",33,"1,963",17
2007,04:00 PM,"12,043",48,"1,894",6,"1,957",9,"1,885",2,"1,951",6,"2,357",8,"1,155",6,844,11,"10,044",31,"1,999",17
2007,05:00 PM,"11,944",48,"1,852",5,"1,947",5,"1,934",8,"2,130",5,"2,177",6,"1,097",12,807,7,"10,040",29,"1,904",19
2007,06:00 PM,"8,820",58,"1,137",11,"1,392",7,"1,408",4,"1,379",3,"1,582",13,"1,046",10,876,10,"5,316",25,"3,504",33
2007,07:00 PM,"5,465",55,691,3,683,4,762,10,814,6,"1,034",9,786,10,695,13,"2,950",23,"2,515",32
2007,08:00 PM,"4,308",58,537,5,549,8,571,7,554,6,803,15,675,14,619,3,"2,211",26,"2,097",32
2007,09:00 PM,"3,975",50,410,7,492,8,508,7,538,3,816,7,719,7,492,11,"1,948",25,"2,027",25
2007,10:00 PM,"3,230",29,363,4,382,3,388,5,433,6,684,5,620,5,360,1,"1,566",18,"1,664",11
2007,11:00 PM,"2,429",35,234,4,225,2,248,6,285,4,568,7,574,9,295,3,992,16,"1,437",19
2006,12:00 AM,"2,002",64,214,11,160,4,174,5,193,7,232,12,538,15,491,10,,,,
2006,01:00 AM,"1,710",41,181,2,117,5,127,6,156,3,186,1,465,13,478,11,,,,
2006,02:00 AM,"2,005",40,177,5,148,2,161,4,182,1,202,7,561,10,574,11,,,,
2006,03:00 AM,"1,297",34,113,1,108,3,113,3,120,4,139,7,348,6,356,10,,,,
2006,04:00 AM,"1,380",35,171,7,122,0,166,4,156,2,191,7,288,9,286,6,,,,
2006,05:00 AM,"2,209",29,305,2,368,2,321,2,353,3,358,6,261,4,243,10,,,,
2006,06:00 AM,"4,388",55,725,9,810,3,791,12,760,7,714,12,329,6,259,6,,,,
2006,07:00 AM,"8,254",37,"1,426",3,"1,606",3,"1,635",8,"1,513",2,"1,345",6,430,5,299,10,,,,
2006,08:00 AM,"7,325",25,"1,206",2,"1,359",3,"1,428",4,"1,309",1,"1,162",1,555,6,306,8,,,,
2006,09:00 AM,"5,463",27,783,3,894,3,931,4,827,1,866,3,720,9,442,4,,,,
2006,10:00 AM,"5,814",47,849,7,892,10,858,11,864,5,901,4,875,6,575,4,,,,
2006,11:00 AM,"7,182",48,"1,067",7,"1,078",6,"1,034",4,"1,077",8,"1,154",9,"1,126",7,646,7,,,,
2006,12:00 PM,"8,360",45,"1,167",5,"1,151",6,"1,311",6,"1,209",5,"1,529",5,"1,178",9,815,9,,,,
2006,01:00 PM,"8,390",50,"1,175",9,"1,134",7,"1,234",8,"1,232",1,"1,566",5,"1,229",12,820,8,,,,
2006,02:00 PM,"9,760",55,"1,333",7,"1,431",4,"1,578",11,"1,495",9,"1,852",5,"1,173",6,898,13,,,,
2006,03:00 PM,"11,806",69,"1,799",12,"1,918",10,"1,864",10,"1,847",6,"2,336",9,"1,168",13,874,9,,,,
2006,04:00 PM,"12,132",38,"1,867",5,"1,984",5,"2,016",5,"1,891",3,"2,331",8,"1,199",7,844,5,,,,
2006,05:00 PM,"11,881",52,"1,813",12,"1,987",5,"2,054",4,"1,942",5,"2,197",12,"1,075",9,813,5,,,,
2006,06:00 PM,"9,290",66,"1,190",10,"1,431",14,"1,482",8,"1,450",5,"1,690",9,"1,186",13,861,7,,,,
2006,07:00 PM,"5,528",76,691,9,685,8,739,14,775,6,"1,061",8,853,8,724,23,,,,
2006,08:00 PM,"4,502",66,569,6,568,7,548,7,603,5,827,19,797,8,590,14,,,,
2006,09:00 PM,"3,864",48,466,8,495,4,466,4,512,12,797,5,678,8,450,7,,,,
2006,10:00 PM,"3,204",35,306,4,376,5,342,1,410,3,722,10,658,8,390,4,,,,
2006,11:00 PM,"2,451",39,187,5,263,3,250,4,296,2,554,10,638,10,263,5,,,,
2005,12:00 AM,"1,935",50,166,7,158,5,181,4,183,7,234,6,497,13,516,8,,,,
2005,01:00 AM,"1,684",40,163,5,134,3,117,7,156,5,203,4,467,11,444,5,,,,
2005,02:00 AM,"1,806",45,137,2,118,1,134,6,163,7,223,3,514,11,517,15,,,,
2005,03:00 AM,"1,214",16,109,2,85,0,87,1,116,1,149,3,338,5,330,4,,,,
2005,04:00 AM,"1,239",37,149,9,128,4,147,1,133,3,163,4,264,8,255,8,,,,
2005,05:00 AM,"2,135",31,321,3,358,2,328,4,313,6,301,2,268,5,246,9,,,,
2005,06:00 AM,"4,294",36,734,6,789,4,741,1,769,9,700,4,331,6,230,6,,,,
2005,07:00 AM,"8,209",48,"1,441",6,"1,653",6,"1,606",9,"1,497",3,"1,304",3,444,13,264,8,,,,
2005,08:00 AM,"7,194",30,"1,245",6,"1,345",0,"1,263",7,"1,309",4,"1,132",7,577,4,323,2,,,,
2005,09:00 AM,"5,384",26,857,4,841,1,863,7,785,1,902,8,694,6,442,3,,,,
2005,10:00 AM,"6,079",33,910,3,909,6,864,3,864,6,986,3,979,4,564,3,,,,
2005,11:00 AM,"7,266",36,"1,012",4,"1,138",9,"1,050",5,"1,068",3,"1,245",4,"1,098",7,615,3,,,,
2005,12:00 PM,"8,345",37,"1,259",8,"1,248",4,"1,200",4,"1,231",1,"1,430",5,"1,196",9,765,3,,,,
2005,01:00 PM,"8,344",49,"1,218",11,"1,170",5,"1,264",4,"1,213",7,"1,413",4,"1,267",8,799,10,,,,
2005,02:00 PM,"9,670",41,"1,441",12,"1,356",2,"1,446",3,"1,472",2,"1,902",5,"1,263",8,790,9,,,,
2005,03:00 PM,"11,870",48,"1,886",11,"1,964",6,"1,818",5,"1,889",6,"2,314",4,"1,194",9,805,7,,,,
2005,04:00 PM,"12,017",48,"1,836",8,"2,071",7,"1,876",5,"1,893",6,"2,281",8,"1,212",7,848,7,,,,
2005,05:00 PM,"11,804",56,"1,762",7,"2,015",6,"1,864",4,"2,062",7,"2,183",14,"1,107",11,811,7,,,,
2005,06:00 PM,"9,070",73,"1,274",8,"1,323",13,"1,396",10,"1,464",7,"1,655",14,"1,088",9,870,12,,,,
2005,07:00 PM,"5,659",51,727,5,719,5,782,9,785,9,"1,107",6,873,14,666,3,,,,
2005,08:00 PM,"4,527",60,543,9,577,11,582,3,636,7,866,6,750,19,573,5,,,,
2005,09:00 PM,"3,973",57,462,8,495,6,500,9,521,4,780,10,740,13,475,7,,,,
2005,10:00 PM,"3,181",39,344,4,340,5,350,3,378,3,722,11,719,9,328,4,,,,
2005,11:00 PM,"2,366",51,218,3,229,5,231,6,266,5,560,15,580,11,282,6,,,,
2004,12:00 AM,"1,955",59,211,6,166,5,155,7,191,5,237,8,504,12,491,16,,,,
2004,01:00 AM,"2,226",35,188,5,146,3,182,2,251,7,266,5,567,2,626,11,,,,
2004,02:00 AM,"1,550",32,142,3,107,1,100,2,179,4,169,3,403,9,450,10,,,,
2004,03:00 AM,"1,115",19,103,5,94,1,80,1,144,1,125,3,275,3,294,5,,,,
2004,04:00 AM,"1,129",25,157,4,113,3,123,4,133,3,140,0,224,3,239,8,,,,
2004,05:00 AM,"1,942",41,309,7,275,6,288,5,328,3,316,10,215,5,211,5,,,,
2004,06:00 AM,"4,001",33,694,4,719,5,719,6,725,2,647,5,297,5,200,6,,,,
2004,07:00 AM,"7,941",40,"1,473",4,"1,525",8,"1,553",11,"1,423",3,"1,315",5,399,5,253,4,,,,
2004,08:00 AM,"7,130",24,"1,259",8,"1,271",3,"1,260",2,"1,296",2,"1,160",6,536,1,348,2,,,,
2004,09:00 AM,"5,148",26,808,6,809,1,786,2,785,4,810,3,691,7,459,3,,,,
2004,10:00 AM,"5,731",28,864,4,862,3,806,3,842,5,949,4,850,7,558,2,,,,
2004,11:00 AM,"7,056",26,"1,062",4,994,1,"1,047",1,"1,081",5,"1,164",4,"1,072",6,636,5,,,,
2004,12:00 PM,"8,725",45,"1,250",5,"1,316",4,"1,296",5,"1,269",9,"1,471",10,"1,244",4,879,8,,,,
2004,01:00 PM,"8,602",51,"1,231",4,"1,186",6,"1,279",8,"1,256",7,"1,527",10,"1,276",9,847,7,,,,
2004,02:00 PM,"9,913",58,"1,497",8,"1,459",3,"1,497",5,"1,546",8,"1,887",13,"1,180",11,847,10,,,,
2004,03:00 PM,"11,833",48,"1,867",5,"1,942",9,"1,823",6,"1,940",6,"2,223",8,"1,176",9,862,5,,,,
2004,04:00 PM,"11,947",48,"1,880",10,"1,906",3,"1,827",6,"1,958",12,"2,261",5,"1,246",5,869,7,,,,
2004,05:00 PM,"11,728",52,"1,750",4,"1,931",3,"1,950",4,"2,027",6,"2,096",9,"1,142",10,832,16,,,,
2004,06:00 PM,"8,983",61,"1,180",8,"1,349",8,"1,340",9,"1,421",4,"1,706",15,"1,137",8,850,9,,,,
2004,07:00 PM,"5,585",58,673,7,697,10,753,2,808,10,"1,079",6,887,10,688,13,,,,
2004,08:00 PM,"4,565",52,536,4,558,6,597,9,626,8,800,6,813,10,635,9,,,,
2004,09:00 PM,"4,009",47,426,7,441,5,504,4,560,8,789,9,745,10,544,4,,,,
2004,10:00 PM,"3,274",47,349,5,325,3,359,6,428,5,737,13,712,7,364,8,,,,
2004,11:00 PM,"2,459",35,214,3,217,3,261,3,294,4,618,11,557,7,298,4,,,,
2003,12:00 AM,"1,941",47,199,4,158,3,179,5,169,5,232,5,499,13,505,12,,,,
2003,01:00 AM,"2,240",53,193,6,151,1,175,3,221,4,263,11,617,19,620,9,,,,
2003,02:00 AM,"1,276",18,128,4,98,1,129,0,99,1,166,2,336,5,320,5,,,,
2003,03:00 AM,983,18,94,2,76,1,86,1,104,7,120,1,250,1,253,5,,,,
2003,04:00 AM,"1,079",18,133,1,119,1,122,3,106,5,171,3,234,5,194,0,,,,
2003,05:00 AM,"1,836",44,266,5,270,7,312,8,296,4,237,7,236,8,219,5,,,,
2003,06:00 AM,"3,716",39,629,6,676,8,656,6,654,6,586,4,288,5,227,4,,,,
2003,07:00 AM,"7,356",35,"1,312",6,"1,468",3,"1,397",6,"1,309",4,"1,196",5,422,9,252,2,,,,
2003,08:00 AM,"6,468",20,"1,084",2,"1,161",2,"1,182",4,"1,103",2,"1,105",4,545,6,288,0,,,,
2003,09:00 AM,"5,024",23,803,4,754,1,784,3,748,2,839,4,685,5,411,4,,,,
2003,10:00 AM,"5,702",29,825,2,846,3,861,6,829,3,907,3,906,7,528,5,,,,
2003,11:00 AM,"7,057",46,"1,033",6,"1,035",6,"1,051",5,"1,018",9,"1,214",13,"1,042",4,664,3,,,,
2003,12:00 PM,"8,275",38,"1,192",5,"1,202",3,"1,233",5,"1,171",6,"1,419",3,"1,231",12,827,4,,,,
2003,01:00 PM,"7,989",47,"1,212",7,"1,176",4,"1,247",7,"1,071",5,"1,395",5,"1,098",8,790,11,,,,
2003,02:00 PM,"9,449",43,"1,393",7,"1,424",9,"1,492",0,"1,400",5,"1,715",9,"1,210",9,815,4,,,,
2003,03:00 PM,"11,126",50,"1,765",5,"1,723",8,"1,839",8,"1,747",8,"2,115",5,"1,122",4,815,12,,,,
2003,04:00 PM,"11,094",60,"1,613",8,"1,827",10,"1,820",4,"1,766",9,"2,141",10,"1,074",8,853,11,,,,
2003,05:00 PM,"11,139",36,"1,691",3,"1,773",3,"1,853",5,"1,910",6,"2,039",4,"1,021",6,852,9,,,,
2003,06:00 PM,"8,237",58,"1,061",5,"1,140",9,"1,352",6,"1,241",2,"1,461",14,"1,109",14,873,8,,,,
2003,07:00 PM,"5,215",58,597,5,676,8,711,7,737,5,965,10,841,15,688,8,,,,
2003,08:00 PM,"4,395",68,530,9,579,8,605,4,604,9,777,13,734,15,566,10,,,,
2003,09:00 PM,"3,799",50,440,4,487,7,501,7,551,5,675,7,701,15,444,5,,,,
2003,10:00 PM,"3,143",42,303,3,356,5,327,4,397,3,722,11,651,6,387,10,,,,
2003,11:00 PM,"2,356",31,205,3,242,3,270,7,276,6,561,4,525,4,277,4,,,,
2002,12:00 AM,"2,003",45,230,4,176,3,184,6,201,2,255,8,470,13,487,9,,,,
2002,01:00 AM,"2,263",46,205,3,181,3,174,3,213,4,284,6,592,11,614,16,,,,
2002,02:00 AM,"1,346",24,129,0,102,1,128,5,120,1,155,3,359,12,353,2,,,,
2002,03:00 AM,"1,049",25,132,3,93,1,91,3,84,3,118,4,262,3,269,8,,,,
2002,04:00 AM,"1,112",31,130,3,132,4,107,1,138,7,177,4,227,7,201,5,,,,
2002,05:00 AM,"1,734",31,266,5,274,6,217,1,275,3,261,9,238,6,203,1,,,,
2002,06:00 AM,"3,700",44,620,7,646,7,697,6,626,6,592,7,281,5,238,6,,,,
2002,07:00 AM,"7,219",30,"1,258",1,"1,374",3,"1,394",6,"1,329",1,"1,197",4,414,10,253,5,,,,
2002,08:00 AM,"6,696",24,"1,176",3,"1,318",2,"1,137",4,"1,147",5,"1,058",2,543,5,317,3,,,,
2002,09:00 AM,"5,187",31,817,3,860,7,800,5,778,2,854,8,686,3,392,3,,,,
2002,10:00 AM,"5,899",33,947,4,936,5,858,4,844,5,946,2,833,5,535,8,,,,
2002,11:00 AM,"7,201",33,"1,108",3,"1,064",3,"1,077",5,"1,056",5,"1,234",6,"1,065",5,597,6,,,,
2002,12:00 PM,"8,510",41,"1,240",9,"1,342",7,"1,251",2,"1,230",6,"1,518",5,"1,179",7,750,5,,,,
2002,01:00 PM,"8,209",37,"1,245",4,"1,213",8,"1,230",5,"1,129",5,"1,464",7,"1,132",4,796,4,,,,
2002,02:00 PM,"9,724",54,"1,511",7,"1,458",15,"1,522",4,"1,533",6,"1,764",9,"1,166",3,770,10,,,,
2002,03:00 PM,"11,357",49,"1,752",4,"1,838",6,"1,775",6,"1,779",5,"2,168",10,"1,185",7,860,11,,,,
2002,04:00 PM,"11,585",62,"1,815",8,"1,811",4,"1,844",15,"1,767",5,"2,276",9,"1,192",10,880,11,,,,
2002,05:00 PM,"11,626",56,"1,797",6,"1,879",6,"1,946",6,"1,973",7,"2,114",8,"1,065",13,852,10,,,,
2002,06:00 PM,"8,520",58,"1,110",7,"1,232",5,"1,308",10,"1,321",6,"1,590",4,"1,062",12,897,14,,,,
2002,07:00 PM,"5,191",43,642,2,691,3,678,9,703,4,976,10,846,9,655,6,,,,
2002,08:00 PM,"4,504",56,560,4,570,6,599,8,652,8,807,12,724,10,592,8,,,,
2002,09:00 PM,"3,918",40,419,5,481,4,521,6,568,4,792,7,664,10,473,4,,,,
2002,10:00 PM,"3,219",44,297,5,331,1,402,5,407,8,717,11,687,10,378,4,,,,
2002,11:00 PM,"2,456",37,215,3,249,6,264,3,291,4,577,8,588,9,272,4,,,,
2001,12:00 AM,"2,003",39,237,5,135,2,196,3,196,8,226,7,512,9,501,5,,,,
2001,01:00 AM,"2,246",47,221,3,141,3,166,4,251,6,261,7,630,17,576,7,,,,
2001,02:00 AM,"1,374",28,161,5,99,1,118,1,119,3,138,2,360,8,379,8,,,,
2001,03:00 AM,"1,018",27,132,4,85,3,96,3,87,2,111,2,242,7,265,6,,,,
2001,04:00 AM,"1,013",20,134,1,110,0,119,1,118,4,141,2,211,7,180,5,,,,
2001,05:00 AM,"1,773",27,295,3,226,6,290,2,267,2,274,7,211,3,210,4,,,,
2001,06:00 AM,"3,873",25,651,5,726,2,704,1,662,3,626,5,294,3,210,6,,,,
2001,07:00 AM,"7,309",31,"1,245",2,"1,445",8,"1,414",6,"1,301",2,"1,230",4,392,5,282,4,,,,
2001,08:00 AM,"6,534",19,"1,044",4,"1,226",3,"1,225",5,"1,127",0,"1,034",1,573,3,305,3,,,,
2001,09:00 AM,"5,014",26,714,3,841,5,848,6,736,1,786,3,712,3,377,5,,,,
2001,10:00 AM,"5,623",28,834,3,859,8,791,2,794,6,943,1,882,2,520,6,,,,
2001,11:00 AM,"6,987",38,"1,059",4,"1,050",7,"1,018",3,"1,017",6,"1,252",5,"1,017",7,574,6,,,,
2001,12:00 PM,"8,296",40,"1,180",10,"1,281",3,"1,252",1,"1,185",6,"1,455",11,"1,202",4,741,5,,,,
2001,01:00 PM,"8,086",32,"1,201",6,"1,214",3,"1,175",2,"1,141",7,"1,439",5,"1,147",5,769,4,,,,
2001,02:00 PM,"9,437",44,"1,460",6,"1,480",9,"1,458",3,"1,420",7,"1,732",7,"1,138",6,749,6,,,,
2001,03:00 PM,"11,267",56,"1,714",10,"1,862",10,"1,786",7,"1,840",7,"2,149",8,"1,146",8,770,6,,,,
2001,04:00 PM,"11,450",54,"1,717",10,"1,878",4,"1,901",5,"1,808",8,"2,253",10,"1,051",8,842,9,,,,
2001,05:00 PM,"11,219",40,"1,754",5,"1,901",4,"1,834",8,"1,909",4,"2,021",3,"1,005",10,795,6,,,,
2001,06:00 PM,"8,209",70,"1,138",15,"1,173",9,"1,245",9,"1,267",9,"1,564",13,"1,016",11,806,4,,,,
2001,07:00 PM,"5,019",61,608,6,654,8,685,10,705,5,918,7,811,12,638,13,,,,
2001,08:00 PM,"4,343",39,515,5,582,4,588,5,567,8,770,5,724,6,597,6,,,,
2001,09:00 PM,"3,807",53,483,3,442,4,495,7,482,7,706,12,679,11,520,9,,,,
2001,10:00 PM,"3,211",42,331,6,350,2,362,7,381,6,731,10,659,7,397,4,,,,
2001,11:00 PM,"2,462",48,235,5,237,5,227,6,282,12,552,13,634,5,295,2,,,,
2000,12:00 AM,"1,895",24,204,2,138,2,174,4,192,2,229,1,464,4,494,9,,,,
2000,01:00 AM,"2,160",36,204,5,169,4,168,2,193,4,274,4,611,11,541,6,,,,
2000,02:00 AM,"1,240",22,107,0,78,3,108,3,107,3,149,1,351,5,340,7,,,,
2000,03:00 AM,936,28,105,1,92,3,76,3,85,6,104,4,246,6,228,5,,,,
2000,04:00 AM,"1,040",20,127,2,121,3,108,1,117,5,111,2,238,3,218,4,,,,
2000,05:00 AM,"1,821",34,287,3,295,3,304,4,254,3,278,4,213,9,190,8,,,,
2000,06:00 AM,"3,726",37,634,7,699,3,656,6,680,5,551,4,279,6,227,6,,,,
2000,07:00 AM,"7,477",32,"1,283",6,"1,508",3,"1,516",4,"1,264",3,"1,241",5,392,6,273,5,,,,
2000,08:00 AM,"6,438",27,"1,179",4,"1,273",2,"1,150",3,"1,040",3,998,4,486,5,312,6,,,,
2000,09:00 AM,"5,111",25,782,4,817,1,860,4,762,6,761,5,686,3,443,2,,,,
2000,10:00 AM,"5,448",37,802,3,790,6,753,5,816,4,906,5,822,9,559,5,,,,
2000,11:00 AM,"6,900",29,"1,069",2,974,4,"1,052",1,983,3,"1,185",7,"1,035",8,602,4,,,,
2000,12:00 PM,"8,312",42,"1,233",5,"1,167",6,"1,217",7,"1,281",6,"1,483",7,"1,160",5,771,6,,,,
2000,01:00 PM,"8,113",35,"1,229",4,"1,129",5,"1,163",3,"1,145",10,"1,481",4,"1,171",4,795,5,,,,
2000,02:00 PM,"9,556",48,"1,472",7,"1,431",8,"1,446",5,"1,430",6,"1,866",8,"1,082",11,829,3,,,,
2000,03:00 PM,"11,336",51,"1,796",7,"1,803",4,"1,749",7,"1,792",9,"2,218",9,"1,119",5,859,10,,,,
2000,04:00 PM,"11,243",50,"1,788",3,"1,700",9,"1,807",2,"1,793",7,"2,156",8,"1,137",9,862,12,,,,
2000,05:00 PM,"11,706",41,"1,867",5,"1,976",3,"1,939",8,"1,954",7,"2,097",5,"1,019",10,854,3,,,,
2000,06:00 PM,"8,176",54,"1,115",5,"1,242",6,"1,222",7,"1,239",10,"1,425",5,"1,052",12,881,9,,,,
2000,07:00 PM,"5,121",46,668,3,625,3,680,5,685,6,944,5,823,13,696,11,,,,
2000,08:00 PM,"4,170",61,540,9,537,9,562,9,542,7,684,10,700,8,605,9,,,,
2000,09:00 PM,"3,870",34,442,7,488,5,504,5,541,2,734,3,668,9,493,3,,,,
2000,10:00 PM,"3,142",41,324,5,352,2,375,8,377,5,722,5,610,8,382,8,,,,
2000,11:00 PM,"2,431",37,219,3,250,6,275,5,266,5,586,9,566,6,269,3,,,,
1999,12:00 AM,"1,766",33,189,5,139,1,130,1,150,2,224,5,443,9,491,10,,,,
1999,01:00 AM,"1,978",37,195,4,130,4,151,4,195,2,241,1,500,9,566,13,,,,
1999,02:00 AM,"1,152",19,122,4,85,2,92,2,114,2,138,3,318,4,283,2,,,,
1999,03:00 AM,824,19,95,0,60,3,53,0,78,2,126,8,189,2,223,4,,,,
1999,04:00 AM,903,23,117,1,105,5,82,2,89,1,130,5,180,5,200,4,,,,
1999,05:00 AM,"1,606",28,257,2,255,3,242,3,237,5,252,4,215,3,148,8,,,,
1999,06:00 AM,"3,360",36,568,8,616,2,625,2,564,4,565,10,244,5,178,5,,,,
1999,07:00 AM,"6,865",34,"1,174",4,"1,355",3,"1,340",8,"1,243",5,"1,163",5,366,4,224,5,,,,
1999,08:00 AM,"6,148",35,"1,066",3,"1,141",5,"1,107",6,"1,021",7,"1,043",6,493,4,277,4,,,,
1999,09:00 AM,"4,843",29,711,6,764,5,783,3,724,3,820,4,631,4,410,4,,,,
1999,10:00 AM,"5,475",43,825,6,833,7,807,5,805,6,919,5,797,4,489,10,,,,
1999,11:00 AM,"6,820",37,"1,046",6,"1,041",8,"1,047",5,964,4,"1,167",4,957,4,598,6,,,,
1999,12:00 PM,"8,086",43,"1,156",5,"1,184",6,"1,153",1,"1,209",11,"1,436",5,"1,185",9,763,6,,,,
1999,01:00 PM,"7,856",38,"1,208",2,"1,128",6,"1,136",4,"1,189",5,"1,383",4,"1,086",6,726,11,,,,
1999,02:00 PM,"9,192",40,"1,406",6,"1,384",5,"1,380",6,"1,504",4,"1,678",6,"1,095",6,745,7,,,,
1999,03:00 PM,"10,837",47,"1,745",3,"1,705",7,"1,682",0,"1,812",9,"2,018",11,"1,075",10,800,7,,,,
1999,04:00 PM,"11,400",51,"1,639",7,"1,812",6,"1,923",5,"1,867",6,"2,223",12,"1,125",7,811,8,,,,
1999,05:00 PM,"11,549",40,"1,722",4,"2,012",4,"1,909",9,"1,871",2,"2,137",5,"1,033",5,865,11,,,,
1999,06:00 PM,"7,768",48,"1,024",7,"1,141",2,"1,162",5,"1,155",9,"1,506",5,"1,003",9,777,11,,,,
1999,07:00 PM,"4,885",62,570,6,609,9,674,10,672,5,941,8,784,11,635,13,,,,
1999,08:00 PM,"3,963",45,443,7,469,7,533,6,569,9,759,2,625,8,565,6,,,,
1999,09:00 PM,"3,496",53,369,3,437,11,472,9,491,7,676,7,597,5,454,11,,,,
1999,10:00 PM,"2,808",27,286,1,311,4,330,1,376,3,593,4,575,8,337,6,,,,
1999,11:00 PM,"2,187",40,189,1,193,1,222,2,247,5,535,11,546,15,255,5,,,,
1998,12:00 AM,"1,642",40,174,6,134,2,144,2,203,6,156,4,394,13,437,7,,,,
1998,01:00 AM,"1,899",38,147,3,112,3,153,2,198,6,225,2,531,10,533,12,,,,
1998,02:00 AM,"1,030",20,93,3,80,1,97,4,104,1,129,1,247,4,280,6,,,,
1998,03:00 AM,794,16,81,1,67,2,67,1,92,2,94,1,212,4,181,5,,,,
1998,04:00 AM,814,9,108,1,84,0,98,1,104,1,98,0,162,2,160,4,,,,
1998,05:00 AM,"1,521",37,277,3,207,3,232,2,216,0,212,10,194,9,183,10,,,,
1998,06:00 AM,"3,260",33,624,5,555,3,569,5,567,4,520,4,241,9,184,3,,,,
1998,07:00 AM,"6,860",21,"1,314",3,"1,322",2,"1,285",4,"1,233",3,"1,126",3,338,6,242,0,,,,
1998,08:00 AM,"6,045",24,"1,035",2,"1,080",5,"1,164",6,"1,045",1,915,4,503,3,303,3,,,,
1998,09:00 AM,"4,639",35,739,2,720,1,737,3,699,6,705,8,653,7,386,8,,,,
1998,10:00 AM,"5,293",36,841,6,779,5,773,4,754,3,836,4,783,4,527,10,,,,
1998,11:00 AM,"6,452",37,986,4,929,5,922,6,935,7,"1,159",3,963,4,558,8,,,,
1998,12:00 PM,"7,939",39,"1,115",7,"1,140",5,"1,267",7,"1,182",9,"1,363",5,"1,123",2,749,4,,,,
1998,01:00 PM,"7,478",43,"1,065",1,"1,078",4,"1,121",9,"1,070",8,"1,353",7,"1,085",5,706,9,,,,
1998,02:00 PM,"8,677",47,"1,271",11,"1,330",3,"1,339",7,"1,316",6,"1,616",5,"1,054",8,751,7,,,,
1998,03:00 PM,"10,283",37,"1,612",6,"1,635",3,"1,560",8,"1,606",4,"2,040",5,"1,057",5,773,6,,,,
1998,04:00 PM,"10,573",43,"1,668",5,"1,704",6,"1,645",6,"1,664",6,"2,075",7,"1,029",5,788,8,,,,
1998,05:00 PM,"11,089",54,"1,665",5,"1,892",7,"1,869",7,"1,821",4,"2,004",9,"1,013",10,825,12,,,,
1998,06:00 PM,"7,468",55,997,8,"1,159",9,"1,167",3,"1,120",7,"1,335",9,910,10,780,9,,,,
1998,07:00 PM,"4,573",40,548,2,604,4,597,3,576,6,874,7,801,10,573,8,,,,
1998,08:00 PM,"3,677",46,427,4,439,4,475,6,473,9,707,7,627,5,529,11,,,,
1998,09:00 PM,"3,300",45,379,7,355,7,423,3,453,4,666,8,610,9,414,7,,,,
1998,10:00 PM,"2,821",35,265,5,291,3,333,4,348,3,634,7,606,12,344,1,,,,
1998,11:00 PM,"2,166",28,176,2,210,1,220,2,257,5,547,9,536,6,220,3,,,,
1997,12:00 AM,"1,648",27,177,2,118,3,167,5,178,0,183,6,412,6,413,5,,,,
1997,01:00 AM,"1,903",54,172,5,133,2,158,5,210,3,247,4,502,14,481,21,,,,
1997,02:00 AM,"1,051",33,94,4,77,2,90,4,108,1,118,4,274,7,290,11,,,,
1997,03:00 AM,787,16,81,3,74,1,75,1,86,1,79,4,196,2,196,4,,,,
1997,04:00 AM,779,15,85,2,86,1,83,1,94,2,95,2,170,4,166,3,,,,
1997,05:00 AM,"1,349",19,223,5,199,1,194,2,194,3,199,1,179,0,161,7,,,,
1997,06:00 AM,"2,887",25,527,3,527,4,488,6,491,0,453,2,237,3,164,7,,,,
1997,07:00 AM,"6,352",32,"1,138",4,"1,114",2,"1,223",3,"1,192",8,"1,102",5,350,5,233,5,,,,
1997,08:00 AM,"5,548",25,991,2,"1,031",7,960,6,936,1,898,3,461,4,271,2,,,,
1997,09:00 AM,"4,271",17,666,3,689,5,666,1,692,3,681,2,562,1,315,2,,,,
1997,10:00 AM,"4,940",21,800,4,712,4,690,1,711,2,773,2,758,5,496,3,,,,
1997,11:00 AM,"6,080",25,933,4,853,6,938,4,948,5,"1,020",3,888,3,500,0,,,,
1997,12:00 PM,"7,465",43,"1,101",5,"1,090",6,"1,120",4,"1,116",5,"1,332",9,"1,001",6,705,8,,,,
1997,01:00 PM,"7,059",43,"1,016",5,"1,018",3,"1,042",7,"1,040",8,"1,303",7,975,9,665,4,,,,
1997,02:00 PM,"8,358",32,"1,276",6,"1,291",1,"1,168",6,"1,342",4,"1,637",5,"1,007",6,637,4,,,,
1997,03:00 PM,"9,751",42,"1,546",8,"1,465",3,"1,486",7,"1,616",2,"1,840",5,"1,045",9,753,8,,,,
1997,04:00 PM,"10,088",49,"1,514",4,"1,533",8,"1,565",9,"1,698",4,"2,046",12,972,4,760,8,,,,
1997,05:00 PM,"10,497",48,"1,659",5,"1,662",5,"1,753",8,"1,741",7,"1,887",6,944,7,851,10,,,,
1997,06:00 PM,"7,128",67,985,11,"1,063",10,"1,078",9,"1,077",7,"1,283",8,911,7,731,15,,,,
1997,07:00 PM,"4,512",42,568,3,587,5,579,3,646,6,839,12,747,9,546,4,,,,
1997,08:00 PM,"3,502",42,395,3,453,3,446,5,490,7,658,10,593,7,467,7,,,,
1997,09:00 PM,"3,262",41,365,1,374,6,431,7,423,6,666,7,585,8,418,6,,,,
1997,10:00 PM,"2,794",45,264,1,275,2,315,6,351,8,672,18,560,4,357,6,,,,
1997,11:00 PM,"2,163",40,196,4,211,4,259,7,240,2,537,10,462,9,258,4,,,,
