Year,Driver Age Group,Total,Percent of Total,In Fatal Crashes,Percent of Fatal,In Injury Crashes,Percent of Injury,In PDO Crashes,Percent of PDO
2023,15 & Under,419,0.18%,5,0.25%,164,0.22%,250,0.15%
2023,16,"3,646",1.53%,15,0.76%,994,1.36%,"2,637",1.62%
2023,17,"5,098",2.14%,29,1.46%,"1,485",2.02%,"3,584",2.20%
2023,18,"5,900",2.48%,40,2.02%,"1,752",2.39%,"4,108",2.53%
2023,19,"6,289",2.64%,49,2.47%,"1,999",2.73%,"4,241",2.61%
2023,20,"6,366",2.68%,49,2.47%,"2,024",2.76%,"4,293",2.64%
2023,21,"6,260",2.63%,46,2.32%,"2,003",2.73%,"4,211",2.59%
2023,22,"5,924",2.49%,49,2.47%,"1,878",2.56%,"3,997",2.46%
2023,23,"6,015",2.53%,44,2.22%,"1,816",2.48%,"4,155",2.55%
2023,24,"5,608",2.36%,39,1.97%,"1,704",2.32%,"3,865",2.38%
2023,25-34,"49,723",20.90%,380,19.19%,"15,849",21.61%,"33,494",20.60%
2023,35-44,"38,201",16.05%,295,14.90%,"12,257",16.71%,"25,649",15.77%
2023,45-54,"30,310",12.74%,237,11.97%,"9,707",13.24%,"20,366",12.52%
2023,55-64,"24,631",10.35%,248,12.53%,"8,126",11.08%,"16,257",10.00%
2023,65-74,"15,107",6.35%,154,7.78%,"5,137",7.00%,"9,816",6.04%
2023,75 & Older,"8,740",3.67%,120,6.06%,"3,030",4.13%,"5,590",3.44%
2023,Unknown,"19,705",8.28%,181,9.14%,"3,412",4.65%,"16,112",9.91%
2022,15 & Under,436,0.19%,7,0.38%,153,0.22%,276,0.17%
2022,16,"3,515",1.51%,13,0.71%,986,1.39%,"2,516",1.57%
2022,17,"4,825",2.07%,20,1.09%,"1,401",1.98%,"3,404",2.12%
2022,18,"6,086",2.61%,34,1.85%,"1,728",2.44%,"4,324",2.69%
2022,19,"6,269",2.69%,35,1.91%,"1,899",2.69%,"4,335",2.70%
2022,20,"6,185",2.65%,42,2.29%,"1,894",2.68%,"4,249",2.65%
2022,21,"6,324",2.71%,47,2.56%,"1,929",2.73%,"4,348",2.71%
2022,22,"6,200",2.66%,28,1.53%,"1,986",2.81%,"4,186",2.61%
2022,23,"5,675",2.44%,30,1.64%,"1,771",2.51%,"3,874",2.41%
2022,24,"5,563",2.39%,36,1.96%,"1,767",2.50%,"3,760",2.34%
2022,25-34,"48,641",20.87%,351,19.15%,"15,250",21.57%,"33,040",20.58%
2022,35-44,"36,710",15.75%,295,16.09%,"11,643",16.47%,"24,772",15.43%
2022,45-54,"29,266",12.56%,235,12.82%,"9,372",13.26%,"19,659",12.25%
2022,55-64,"24,393",10.47%,226,12.33%,"7,824",11.07%,"16,343",10.18%
2022,65-74,"14,604",6.27%,177,9.66%,"4,865",6.88%,"9,562",5.96%
2022,75 & Older,"8,367",3.59%,103,5.62%,"2,803",3.96%,"5,461",3.40%
2022,Unknown,"19,994",8.58%,154,8.40%,"3,425",4.84%,"16,415",10.23%
2021,15 & Under,419,0.18%,3,0.17%,147,0.21%,269,0.16%
2021,16,"3,391",1.44%,12,0.69%,866,1.25%,"2,513",1.53%
2021,17,"4,932",2.10%,27,1.56%,"1,310",1.89%,"3,595",2.19%
2021,18,"6,355",2.71%,30,1.73%,"1,848",2.67%,"4,477",2.73%
2021,19,"6,737",2.87%,35,2.02%,"2,030",2.93%,"4,672",2.85%
2021,20,"6,565",2.80%,40,2.31%,"2,005",2.90%,"4,520",2.76%
2021,21,"6,555",2.79%,45,2.60%,"2,029",2.93%,"4,481",2.74%
2021,22,"6,164",2.63%,33,1.90%,"1,798",2.60%,"4,333",2.65%
2021,23,"5,994",2.55%,52,3.00%,"1,796",2.59%,"4,146",2.53%
2021,24,"5,817",2.48%,27,1.56%,"1,736",2.51%,"4,054",2.48%
2021,25-34,"48,958",20.85%,339,19.55%,"15,236",22.01%,"33,383",20.38%
2021,35-44,"35,907",15.29%,282,16.26%,"11,083",16.01%,"24,542",14.98%
2021,45-54,"29,573",12.60%,242,13.96%,"9,153",13.22%,"20,178",12.32%
2021,55-64,"24,325",10.36%,230,13.26%,"7,638",11.03%,"16,457",10.05%
2021,65-74,"14,191",6.04%,129,7.44%,"4,559",6.59%,"9,503",5.80%
2021,75 & Older,"7,577",3.23%,73,4.21%,"2,535",3.66%,"4,969",3.03%
2021,Unknown,"21,303",9.07%,135,7.79%,"3,463",5.00%,"17,705",10.81%
2020,15 & Under,324,0.17%,5,0.33%,109,0.20%,210,0.16%
2020,16,"2,406",1.27%,13,0.87%,630,1.13%,"1,763",1.33%
2020,17,"3,411",1.80%,17,1.13%,979,1.76%,"2,415",1.82%
2020,18,"4,753",2.51%,26,1.74%,"1,342",2.41%,"3,385",2.56%
2020,19,"5,372",2.83%,27,1.80%,"1,541",2.76%,"3,804",2.87%
2020,20,"5,173",2.73%,28,1.87%,"1,580",2.83%,"3,565",2.69%
2020,21,"5,025",2.65%,31,2.07%,"1,560",2.80%,"3,434",2.59%
2020,22,"4,803",2.53%,35,2.34%,"1,481",2.66%,"3,287",2.48%
2020,23,"4,762",2.51%,39,2.60%,"1,482",2.66%,"3,241",2.45%
2020,24,"4,489",2.37%,26,1.74%,"1,393",2.50%,"3,070",2.32%
2020,25-34,"39,525",20.84%,291,19.43%,"12,244",21.96%,"26,990",20.38%
2020,35-44,"29,214",15.40%,235,15.69%,"8,780",15.75%,"20,199",15.25%
2020,45-54,"24,549",12.94%,189,12.62%,"7,643",13.71%,"16,717",12.62%
2020,55-64,"20,269",10.69%,211,14.09%,"6,162",11.05%,"13,896",10.49%
2020,65-74,"11,812",6.23%,109,7.28%,"3,844",6.90%,"7,859",5.93%
2020,75 & Older,"6,191",3.26%,71,4.74%,"2,089",3.75%,"4,031",3.04%
2020,Unknown,"17,594",9.28%,145,9.68%,"2,890",5.18%,"14,559",10.99%
2019,15 & Under,307,0.12%,2,0.15%,116,0.16%,189,0.10%
2019,16,"3,380",1.32%,11,0.80%,913,1.24%,"2,456",1.36%
2019,17,"4,842",1.90%,11,0.80%,"1,302",1.77%,"3,529",1.96%
2019,18,"6,318",2.48%,20,1.46%,"1,781",2.42%,"4,517",2.51%
2019,19,"6,686",2.62%,27,1.97%,"1,996",2.71%,"4,663",2.59%
2019,20,"6,666",2.61%,27,1.97%,"1,917",2.60%,"4,722",2.62%
2019,21,"6,644",2.60%,29,2.11%,"2,021",2.74%,"4,594",2.55%
2019,22,"6,535",2.56%,28,2.04%,"1,849",2.51%,"4,658",2.58%
2019,23,"6,478",2.54%,29,2.11%,"1,820",2.47%,"4,629",2.57%
2019,24,"6,262",2.45%,31,2.26%,"1,784",2.42%,"4,447",2.47%
2019,25-34,"54,566",21.38%,256,18.65%,"16,366",22.22%,"37,944",21.05%
2019,35-44,"40,550",15.89%,208,15.15%,"11,986",16.28%,"28,356",15.73%
2019,45-54,"33,991",13.32%,176,12.82%,"10,212",13.87%,"23,603",13.10%
2019,55-64,"28,060",10.99%,191,13.91%,"8,558",11.62%,"19,311",10.71%
2019,65-74,"16,161",6.33%,125,9.10%,"5,019",6.82%,"11,017",6.11%
2019,75 & Older,"8,612",3.37%,97,7.06%,"2,838",3.85%,"5,677",3.15%
2019,Unknown,"19,201",7.52%,105,7.65%,"3,166",4.30%,"15,930",8.84%
2018,15 & Under,319,0.13%,1,0.07%,107,0.15%,211,0.12%
2018,16,"3,095",1.24%,8,0.56%,822,1.13%,"2,265",1.29%
2018,17,"4,714",1.89%,12,0.84%,"1,253",1.72%,"3,449",1.97%
2018,18,"6,178",2.48%,30,2.10%,"1,845",2.54%,"4,303",2.46%
2018,19,"6,610",2.65%,25,1.75%,"1,973",2.71%,"4,612",2.63%
2018,20,"6,561",2.63%,29,2.03%,"1,937",2.66%,"4,595",2.62%
2018,21,"6,721",2.69%,36,2.52%,"1,949",2.68%,"4,736",2.70%
2018,22,"6,627",2.66%,32,2.24%,"1,934",2.66%,"4,661",2.66%
2018,23,"6,587",2.64%,32,2.24%,"2,006",2.76%,"4,549",2.60%
2018,24,"6,112",2.45%,34,2.38%,"1,832",2.52%,"4,246",2.42%
2018,25-34,"53,035",21.26%,248,17.39%,"15,777",21.68%,"37,010",21.12%
2018,35-44,"39,979",16.03%,194,13.60%,"12,087",16.61%,"27,698",15.81%
2018,45-54,"34,072",13.66%,193,13.53%,"10,390",14.28%,"23,489",13.41%
2018,55-64,"27,366",10.97%,203,14.24%,"8,505",11.69%,"18,658",10.65%
2018,65-74,"15,722",6.30%,131,9.19%,"4,936",6.78%,"10,655",6.08%
2018,75 & Older,"8,240",3.30%,69,4.84%,"2,606",3.58%,"5,565",3.18%
2018,Unknown,"17,472",7.01%,149,10.45%,"2,811",3.86%,"14,512",8.28%
2017,15 & Under,310,0.12%,5,0.35%,118,0.16%,187,0.11%
2017,16,"2,994",1.20%,6,0.42%,845,1.12%,"2,143",1.24%
2017,17,"4,890",1.96%,16,1.12%,"1,418",1.88%,"3,456",2.00%
2017,18,"6,402",2.57%,29,2.03%,"1,922",2.55%,"4,451",2.58%
2017,19,"6,717",2.70%,30,2.10%,"2,076",2.76%,"4,611",2.67%
2017,20,"6,714",2.70%,27,1.89%,"2,061",2.74%,"4,626",2.68%
2017,21,"6,982",2.80%,36,2.52%,"2,061",2.74%,"4,885",2.83%
2017,22,"6,572",2.64%,29,2.03%,"1,982",2.63%,"4,561",2.65%
2017,23,"6,615",2.66%,35,2.45%,"2,099",2.79%,"4,481",2.60%
2017,24,"6,269",2.52%,36,2.52%,"1,947",2.59%,"4,286",2.49%
2017,25-34,"52,675",21.14%,269,18.82%,"16,242",21.57%,"36,164",20.98%
2017,35-44,"39,651",15.92%,205,14.35%,"12,264",16.29%,"27,182",15.77%
2017,45-54,"34,807",13.97%,200,14.00%,"11,074",14.71%,"23,533",13.65%
2017,55-64,"26,434",10.61%,189,13.23%,"8,538",11.34%,"17,707",10.27%
2017,65-74,"15,301",6.14%,115,8.05%,"4,887",6.49%,"10,299",5.97%
2017,75 & Older,"8,099",3.25%,72,5.04%,"2,740",3.64%,"5,287",3.07%
2017,Unknown,"17,691",7.10%,130,9.10%,"3,033",4.03%,"14,528",8.43%
2016,15 & Under,335,0.14%,8,0.60%,112,0.15%,215,0.13%
2016,16,"3,024",1.22%,7,0.52%,824,1.08%,"2,193",1.29%
2016,17,"4,676",1.89%,12,0.90%,"1,335",1.75%,"3,329",1.96%
2016,18,"6,415",2.59%,24,1.79%,"1,933",2.53%,"4,458",2.63%
2016,19,"7,182",2.90%,33,2.47%,"2,272",2.97%,"4,877",2.88%
2016,20,"7,107",2.87%,20,1.49%,"2,212",2.89%,"4,875",2.88%
2016,21,"6,981",2.82%,28,2.09%,"2,191",2.86%,"4,762",2.81%
2016,22,"6,688",2.70%,48,3.59%,"2,063",2.70%,"4,577",2.70%
2016,23,"6,663",2.69%,38,2.84%,"2,086",2.73%,"4,539",2.68%
2016,24,"6,483",2.62%,32,2.39%,"2,064",2.70%,"4,387",2.59%
2016,25-34,"51,989",21.02%,242,18.09%,"16,461",21.52%,"35,286",20.82%
2016,35-44,"39,284",15.88%,204,15.25%,"12,470",16.30%,"26,610",15.70%
2016,45-54,"34,538",13.97%,196,14.65%,"11,206",14.65%,"23,136",13.65%
2016,55-64,"25,871",10.46%,188,14.05%,"8,584",11.22%,"17,099",10.09%
2016,65-74,"14,823",5.99%,99,7.40%,"4,972",6.50%,"9,752",5.75%
2016,75 & Older,"7,653",3.09%,75,5.61%,"2,630",3.44%,"4,948",2.92%
2016,Unknown,"17,596",7.12%,84,6.28%,"3,077",4.02%,"14,435",8.52%
2015,15 & Under,279,0.12%,4,0.31%,85,0.12%,190,0.12%
2015,16,"2,686",1.19%,11,0.86%,781,1.09%,"1,894",1.23%
2015,17,"4,244",1.87%,13,1.01%,"1,288",1.80%,"2,943",1.92%
2015,18,"6,202",2.74%,19,1.48%,"1,898",2.65%,"4,285",2.79%
2015,19,"6,411",2.83%,20,1.56%,"2,097",2.93%,"4,294",2.80%
2015,20,"6,482",2.86%,27,2.11%,"2,033",2.84%,"4,422",2.88%
2015,21,"6,521",2.88%,34,2.65%,"2,097",2.93%,"4,390",2.86%
2015,22,"6,103",2.70%,28,2.19%,"2,005",2.80%,"4,070",2.65%
2015,23,"6,070",2.68%,36,2.81%,"1,990",2.78%,"4,044",2.64%
2015,24,"6,037",2.67%,19,1.48%,"2,013",2.81%,"4,005",2.61%
2015,25-34,"47,006",20.77%,223,17.41%,"15,272",21.33%,"31,511",20.53%
2015,35-44,"36,649",16.19%,223,17.41%,"11,895",16.61%,"24,531",15.98%
2015,45-54,"31,587",13.96%,188,14.68%,"10,388",14.51%,"21,011",13.69%
2015,55-64,"23,862",10.54%,153,11.94%,"7,929",11.07%,"15,780",10.28%
2015,65-74,"13,622",6.02%,93,7.26%,"4,642",6.48%,"8,887",5.79%
2015,75 & Older,"7,191",3.18%,78,6.09%,"2,469",3.45%,"4,644",3.03%
2015,Unknown,"15,396",6.80%,112,8.74%,"2,714",3.79%,"12,570",8.19%
2014,15 & Under,289,0.14%,2,0.19%,124,0.18%,163,0.11%
2014,16,"2,550",1.21%,5,0.48%,709,1.06%,"1,836",1.29%
2014,17,"3,986",1.89%,9,0.86%,"1,221",1.82%,"2,756",1.94%
2014,18,"5,516",2.62%,22,2.09%,"1,712",2.55%,"3,782",2.66%
2014,19,"5,910",2.81%,24,2.28%,"1,924",2.87%,"3,962",2.78%
2014,20,"5,854",2.78%,24,2.28%,"1,886",2.81%,"3,944",2.77%
2014,21,"5,830",2.77%,32,3.04%,"1,931",2.88%,"3,867",2.72%
2014,22,"5,706",2.71%,25,2.38%,"1,881",2.81%,"3,800",2.67%
2014,23,"5,530",2.63%,26,2.47%,"1,821",2.72%,"3,683",2.59%
2014,24,"5,321",2.53%,16,1.52%,"1,712",2.55%,"3,593",2.52%
2014,25-34,"42,993",20.43%,195,18.55%,"14,050",20.96%,"28,748",20.20%
2014,35-44,"34,642",16.46%,153,14.56%,"11,208",16.72%,"23,281",16.36%
2014,45-54,"30,110",14.31%,160,15.22%,"10,179",15.18%,"19,771",13.89%
2014,55-64,"22,452",10.67%,132,12.56%,"7,531",11.23%,"14,789",10.39%
2014,65-74,"12,455",5.92%,78,7.42%,"4,251",6.34%,"8,126",5.71%
2014,75 & Older,"6,724",3.20%,62,5.90%,"2,297",3.43%,"4,365",3.07%
2014,Unknown,"14,568",6.92%,86,8.18%,"2,603",3.88%,"11,879",8.35%
2013,15 & Under,323,0.16%,8,0.68%,122,0.19%,193,0.14%
2013,16,"2,582",1.26%,9,0.76%,747,1.14%,"1,826",1.33%
2013,17,"4,132",2.02%,19,1.60%,"1,239",1.89%,"2,874",2.09%
2013,18,"5,445",2.67%,21,1.77%,"1,751",2.67%,"3,673",2.67%
2013,19,"5,844",2.86%,31,2.62%,"1,904",2.90%,"3,909",2.84%
2013,20,"5,666",2.77%,30,2.53%,"1,862",2.84%,"3,774",2.74%
2013,21,"5,770",2.82%,31,2.62%,"1,919",2.93%,"3,820",2.78%
2013,22,"5,522",2.70%,20,1.69%,"1,781",2.72%,"3,721",2.71%
2013,23,"5,278",2.58%,24,2.03%,"1,787",2.72%,"3,467",2.52%
2013,24,"4,934",2.42%,28,2.36%,"1,688",2.57%,"3,218",2.34%
2013,25-34,"41,536",20.33%,210,17.72%,"13,649",20.81%,"27,677",20.13%
2013,35-44,"33,709",16.50%,168,14.18%,"11,287",17.21%,"22,254",16.19%
2013,45-54,"29,012",14.20%,184,15.53%,"9,721",14.82%,"19,107",13.90%
2013,55-64,"21,457",10.50%,146,12.32%,"7,214",11.00%,"14,097",10.25%
2013,65-74,"11,944",5.85%,104,8.78%,"3,960",6.04%,"7,880",5.73%
2013,75 & Older,"6,642",3.25%,64,5.40%,"2,315",3.53%,"4,263",3.10%
2013,Unknown,"14,463",7.08%,88,7.43%,"2,634",4.02%,"11,741",8.54%
2012,15 & Under,283,0.14%,1,0.09%,111,0.17%,171,0.13%
2012,16,"2,447",1.24%,11,0.98%,773,1.20%,"1,663",1.27%
2012,17,"3,762",1.91%,19,1.70%,"1,133",1.77%,"2,610",1.99%
2012,18,"5,317",2.70%,24,2.15%,"1,751",2.73%,"3,542",2.70%
2012,19,"5,488",2.79%,17,1.52%,"1,835",2.86%,"3,636",2.77%
2012,20,"5,639",2.87%,27,2.42%,"1,952",3.04%,"3,660",2.79%
2012,21,"5,555",2.83%,33,2.95%,"1,873",2.92%,"3,649",2.78%
2012,22,"5,464",2.78%,35,3.13%,"1,872",2.92%,"3,557",2.71%
2012,23,"4,803",2.44%,27,2.42%,"1,666",2.60%,"3,110",2.37%
2012,24,"4,661",2.37%,34,3.04%,"1,595",2.49%,"3,032",2.31%
2012,25-34,"39,788",20.23%,187,16.74%,"13,328",20.77%,"26,273",20.00%
2012,35-44,"32,599",16.58%,180,16.11%,"10,882",16.96%,"21,537",16.40%
2012,45-54,"28,816",14.65%,182,16.29%,"9,811",15.29%,"18,823",14.33%
2012,55-64,"20,539",10.45%,149,13.34%,"7,012",10.93%,"13,378",10.19%
2012,65-74,"11,089",5.64%,73,6.54%,"3,842",5.99%,"7,174",5.46%
2012,75 & Older,"6,243",3.17%,48,4.30%,"2,112",3.29%,"4,083",3.11%
2012,Unknown,"14,137",7.19%,70,6.27%,"2,615",4.08%,"11,452",8.72%
2011,15 & Under,291,0.15%,2,0.18%,101,0.16%,188,0.14%
2011,16,"2,599",1.32%,12,1.05%,790,1.24%,"1,797",1.36%
2011,17,"4,051",2.06%,19,1.67%,"1,204",1.90%,"2,828",2.15%
2011,18,"5,532",2.82%,24,2.11%,"1,741",2.74%,"3,767",2.86%
2011,19,"5,929",3.02%,28,2.46%,"2,018",3.18%,"3,883",2.95%
2011,20,"5,647",2.88%,29,2.55%,"1,885",2.97%,"3,733",2.83%
2011,21,"5,589",2.85%,28,2.46%,"1,877",2.96%,"3,684",2.80%
2011,22,"5,149",2.62%,31,2.72%,"1,742",2.74%,"3,376",2.56%
2011,23,"4,815",2.45%,25,2.20%,"1,625",2.56%,"3,165",2.40%
2011,24,"4,632",2.36%,26,2.28%,"1,545",2.43%,"3,061",2.32%
2011,25-34,"39,822",20.28%,206,18.10%,"13,272",20.91%,"26,344",20.00%
2011,35-44,"32,802",16.71%,168,14.76%,"10,923",17.21%,"21,711",16.48%
2011,45-54,"28,549",14.54%,171,15.03%,"9,707",15.29%,"18,671",14.17%
2011,55-64,"20,297",10.34%,145,12.74%,"6,940",10.93%,"13,212",10.03%
2011,65-74,"10,443",5.32%,86,7.56%,"3,521",5.55%,"6,836",5.19%
2011,75 & Older,"6,230",3.17%,64,5.62%,"2,098",3.31%,"4,068",3.09%
2011,Unknown,"13,972",7.12%,74,6.50%,"2,482",3.91%,"11,416",8.67%
2010,15 & Under,287,0.14%,2,0.20%,99,0.16%,186,0.14%
2010,16,"2,684",1.33%,7,0.69%,793,1.25%,"1,884",1.37%
2010,17,"4,353",2.16%,9,0.89%,"1,280",2.01%,"3,064",2.23%
2010,18,"6,022",2.98%,16,1.58%,"1,932",3.04%,"4,074",2.97%
2010,19,"6,396",3.17%,19,1.87%,"2,067",3.25%,"4,310",3.14%
2010,20,"6,023",2.98%,24,2.37%,"1,897",2.98%,"4,102",2.99%
2010,21,"5,663",2.80%,17,1.68%,"1,797",2.83%,"3,849",2.80%
2010,22,"5,205",2.58%,24,2.37%,"1,730",2.72%,"3,451",2.51%
2010,23,"5,000",2.48%,16,1.58%,"1,601",2.52%,"3,383",2.46%
2010,24,"4,940",2.45%,17,1.68%,"1,647",2.59%,"3,276",2.39%
2010,25-34,"40,735",20.17%,195,19.23%,"13,136",20.66%,"27,404",19.95%
2010,35-44,"33,716",16.70%,178,17.55%,"10,850",17.06%,"22,688",16.52%
2010,45-54,"29,714",14.71%,165,16.27%,"9,772",15.37%,"19,777",14.40%
2010,55-64,"20,656",10.23%,122,12.03%,"6,894",10.84%,"13,640",9.93%
2010,65-74,"10,674",5.29%,66,6.51%,"3,516",5.53%,"7,092",5.16%
2010,75 & Older,"6,500",3.22%,68,6.71%,"2,085",3.28%,"4,347",3.17%
2010,Unknown,"13,368",6.62%,69,6.80%,"2,488",3.91%,"10,811",7.87%
2009,15 & Under,354,0.18%,4,0.39%,120,0.19%,230,0.17%
2009,16,"2,848",1.41%,6,0.59%,884,1.39%,"1,958",1.42%
2009,17,"4,587",2.27%,11,1.08%,"1,389",2.18%,"3,187",2.32%
2009,18,"6,466",3.20%,32,3.15%,"2,060",3.24%,"4,374",3.18%
2009,19,"6,338",3.13%,27,2.66%,"1,976",3.11%,"4,335",3.15%
2009,20,"5,830",2.88%,14,1.38%,"1,894",2.98%,"3,922",2.85%
2009,21,"5,629",2.78%,23,2.27%,"1,833",2.88%,"3,773",2.74%
2009,22,"5,281",2.61%,27,2.66%,"1,693",2.66%,"3,561",2.59%
2009,23,"5,169",2.56%,28,2.76%,"1,565",2.46%,"3,576",2.60%
2009,24,"4,890",2.42%,23,2.27%,"1,617",2.54%,"3,250",2.36%
2009,25-34,"41,075",20.31%,205,20.20%,"13,228",20.80%,"27,642",20.08%
2009,35-44,"33,586",16.60%,162,15.96%,"10,904",17.15%,"22,520",16.36%
2009,45-54,"29,706",14.69%,150,14.78%,"9,774",15.37%,"19,782",14.37%
2009,55-64,"20,014",9.89%,111,10.94%,"6,641",10.44%,"13,262",9.63%
2009,65-74,"10,121",5.00%,70,6.90%,"3,300",5.19%,"6,751",4.90%
2009,75 & Older,"6,500",3.21%,55,5.42%,"2,153",3.39%,"4,292",3.12%
2009,Unknown,"13,884",6.86%,67,6.60%,"2,567",4.04%,"11,250",8.17%
2008,15 & Under,480,0.21%,6,0.47%,193,0.27%,281,0.18%
2008,16,"3,547",1.55%,14,1.09%,"1,106",1.54%,"2,427",1.56%
2008,17,"5,439",2.38%,20,1.55%,"1,703",2.38%,"3,716",2.39%
2008,18,"7,131",3.13%,41,3.18%,"2,312",3.23%,"4,778",3.08%
2008,19,"6,971",3.06%,30,2.33%,"2,239",3.13%,"4,702",3.03%
2008,20,"6,502",2.85%,40,3.10%,"2,116",2.95%,"4,346",2.80%
2008,21,"6,050",2.65%,42,3.26%,"1,984",2.77%,"4,024",2.59%
2008,22,"5,936",2.60%,30,2.33%,"1,968",2.75%,"3,938",2.54%
2008,23,"5,734",2.51%,34,2.64%,"1,875",2.62%,"3,825",2.46%
2008,24,"5,499",2.41%,31,2.40%,"1,785",2.49%,"3,683",2.37%
2008,25-34,"46,305",20.30%,227,17.61%,"14,995",20.94%,"31,083",20.03%
2008,35-44,"38,829",17.02%,213,16.52%,"12,510",17.47%,"26,106",16.82%
2008,45-54,"33,092",14.51%,191,14.82%,"10,740",15.00%,"22,161",14.28%
2008,55-64,"21,424",9.39%,144,11.17%,"7,054",9.85%,"14,226",9.17%
2008,65-74,"10,559",4.63%,77,5.97%,"3,508",4.90%,"6,974",4.49%
2008,75 & Older,"6,887",3.02%,66,5.12%,"2,324",3.25%,"4,497",2.90%
2008,Unknown,"17,728",7.77%,83,6.44%,"3,201",4.47%,"14,444",9.31%
2007,15 & Under,667,0.25%,8,0.54%,249,0.30%,410,0.22%
2007,16,"4,446",1.65%,13,0.88%,"1,377",1.63%,"3,056",1.66%
2007,17,"6,421",2.38%,20,1.35%,"2,051",2.43%,"4,350",2.36%
2007,18,"8,756",3.24%,46,3.11%,"2,829",3.35%,"5,881",3.19%
2007,19,"8,642",3.20%,53,3.59%,"2,705",3.21%,"5,884",3.20%
2007,20,"7,972",2.95%,42,2.84%,"2,594",3.08%,"5,336",2.90%
2007,21,"7,773",2.88%,41,2.78%,"2,520",2.99%,"5,212",2.83%
2007,22,"7,536",2.79%,48,3.25%,"2,434",2.89%,"5,054",2.75%
2007,23,"7,051",2.61%,27,1.83%,"2,261",2.68%,"4,763",2.59%
2007,24,"6,930",2.57%,47,3.18%,"2,157",2.56%,"4,726",2.57%
2007,25-34,"55,521",20.57%,317,21.46%,"18,054",21.40%,"37,150",20.18%
2007,35-44,"45,902",17.01%,246,16.66%,"14,856",17.61%,"30,800",16.73%
2007,45-54,"37,427",13.87%,205,13.88%,"12,267",14.54%,"24,955",13.56%
2007,55-64,"23,933",8.87%,147,9.95%,"7,836",9.29%,"15,950",8.66%
2007,65-74,"10,936",4.05%,76,5.15%,"3,579",4.24%,"7,281",3.96%
2007,75 & Older,"7,379",2.73%,72,4.87%,"2,481",2.94%,"4,826",2.62%
2007,Unknown,"22,607",8.38%,69,4.67%,"4,096",4.86%,"18,442",10.02%
2006,15 & Under,812,0.30%,5,0.28%,325,0.37%,482,0.27%
2006,16,"4,696",1.73%,23,1.30%,"1,490",1.70%,"3,183",1.75%
2006,17,"6,672",2.46%,31,1.75%,"2,201",2.52%,"4,440",2.44%
2006,18,"8,767",3.24%,47,2.66%,"2,934",3.36%,"5,786",3.18%
2006,19,"8,772",3.24%,71,4.02%,"2,996",3.43%,"5,705",3.14%
2006,20,"8,384",3.10%,47,2.66%,"2,889",3.31%,"5,448",3.00%
2006,21,"7,997",2.95%,39,2.21%,"2,666",3.05%,"5,292",2.91%
2006,22,"7,536",2.78%,52,2.94%,"2,476",2.83%,"5,008",2.76%
2006,23,"7,334",2.71%,36,2.04%,"2,479",2.84%,"4,819",2.65%
2006,24,"6,916",2.55%,35,1.98%,"2,346",2.68%,"4,535",2.50%
2006,25-34,"55,500",20.49%,371,21.00%,"18,242",20.87%,"36,887",20.30%
2006,35-44,"46,645",17.22%,286,16.19%,"15,574",17.82%,"30,785",16.94%
2006,45-54,"36,522",13.48%,264,14.94%,"12,166",13.92%,"24,092",13.26%
2006,55-64,"23,048",8.51%,179,10.13%,"7,824",8.95%,"15,045",8.28%
2006,65-74,"10,867",4.01%,79,4.47%,"3,689",4.22%,"7,099",3.91%
2006,75 & Older,"7,444",2.75%,76,4.30%,"2,619",3.00%,"4,749",2.61%
2006,Unknown,"22,946",8.47%,126,7.13%,"4,495",5.14%,"18,325",10.09%
2005,15 & Under,822,0.31%,7,0.43%,330,0.37%,485,0.27%
2005,16,"5,046",1.88%,13,0.80%,"1,631",1.83%,"3,402",1.92%
2005,17,"6,901",2.58%,32,1.98%,"2,281",2.55%,"4,588",2.59%
2005,18,"8,856",3.31%,39,2.41%,"3,031",3.39%,"5,786",3.27%
2005,19,"8,703",3.25%,56,3.47%,"3,028",3.39%,"5,619",3.18%
2005,20,"8,131",3.04%,66,4.08%,"2,714",3.04%,"5,351",3.03%
2005,21,"7,671",2.86%,33,2.04%,"2,720",3.05%,"4,918",2.78%
2005,22,"7,761",2.90%,64,3.96%,"2,723",3.05%,"4,974",2.81%
2005,23,"7,274",2.72%,38,2.35%,"2,458",2.75%,"4,778",2.70%
2005,24,"6,955",2.60%,57,3.53%,"2,330",2.61%,"4,568",2.58%
2005,25-34,"55,711",20.81%,327,20.24%,"19,438",21.76%,"35,946",20.33%
2005,35-44,"46,071",17.21%,265,16.40%,"15,636",17.50%,"30,170",17.06%
2005,45-54,"36,061",13.47%,229,14.17%,"12,380",13.86%,"23,452",13.26%
2005,55-64,"22,588",8.44%,128,7.92%,"7,856",8.79%,"14,604",8.26%
2005,65-74,"10,982",4.10%,88,5.45%,"3,917",4.39%,"6,977",3.95%
2005,75 & Older,"7,660",2.86%,65,4.02%,"2,654",2.97%,"4,941",2.79%
2005,Unknown,"20,575",7.68%,109,6.75%,"4,197",4.70%,"16,269",9.20%
2004,15 & Under,881,0.34%,10,0.65%,356,0.39%,515,0.30%
2004,16,"5,061",1.93%,26,1.70%,"1,725",1.89%,"3,310",1.96%
2004,17,"6,977",2.66%,35,2.28%,"2,417",2.65%,"4,525",2.67%
2004,18,"8,940",3.41%,43,2.81%,"3,226",3.54%,"5,671",3.35%
2004,19,"8,592",3.28%,52,3.39%,"3,028",3.32%,"5,512",3.26%
2004,20,"7,924",3.03%,52,3.39%,"2,722",2.99%,"5,150",3.04%
2004,21,"8,010",3.06%,52,3.39%,"2,915",3.20%,"5,043",2.98%
2004,22,"7,591",2.90%,42,2.74%,"2,764",3.03%,"4,785",2.83%
2004,23,"7,179",2.74%,35,2.28%,"2,641",2.90%,"4,503",2.66%
2004,24,"6,875",2.63%,44,2.87%,"2,448",2.69%,"4,383",2.59%
2004,25-34,"55,104",21.04%,288,18.80%,"19,663",21.58%,"35,153",20.78%
2004,35-44,"46,127",17.62%,267,17.43%,"16,496",18.10%,"29,364",17.36%
2004,45-54,"35,411",13.52%,222,14.49%,"12,698",13.93%,"22,491",13.29%
2004,55-64,"21,597",8.25%,130,8.49%,"7,700",8.45%,"13,767",8.14%
2004,65-74,"10,968",4.19%,73,4.77%,"3,853",4.23%,"7,042",4.16%
2004,75 & Older,"7,700",2.94%,72,4.70%,"2,751",3.02%,"4,877",2.88%
2004,Unknown,"16,919",6.46%,89,5.81%,"3,730",4.09%,"13,100",7.74%
2003,15 & Younger,887,0.36%,8,0.53%,354,0.40%,525,0.33%
2003,16,"4,970",2.02%,21,1.39%,"1,733",1.97%,"3,216",2.05%
2003,17,"6,833",2.77%,24,1.59%,"2,509",2.85%,"4,300",2.74%
2003,18,"8,530",3.46%,38,2.51%,"3,072",3.49%,"5,420",3.45%
2003,19,"7,944",3.22%,39,2.58%,"2,889",3.28%,"5,016",3.20%
2003,20,"7,723",3.13%,38,2.51%,"2,835",3.22%,"4,850",3.09%
2003,21,"7,456",3.02%,44,2.91%,"2,784",3.16%,"4,628",2.95%
2003,22,"7,048",2.86%,34,2.25%,"2,571",2.92%,"4,443",2.83%
2003,23,"6,678",2.71%,41,2.71%,"2,505",2.85%,"4,132",2.63%
2003,24,"6,202",2.52%,40,2.64%,"2,369",2.69%,"3,793",2.42%
2003,25-34,"52,000",21.09%,275,18.18%,"19,123",21.72%,"32,602",20.77%
2003,35-44,"44,342",17.99%,301,19.89%,"16,134",18.33%,"27,907",17.78%
2003,45-54,"33,287",13.50%,235,15.53%,"12,173",13.83%,"20,879",13.30%
2003,55-64,"19,469",7.90%,126,8.33%,"7,161",8.13%,"12,182",7.76%
2003,65-74,"10,069",4.08%,89,5.88%,"3,671",4.17%,"6,309",4.02%
2003,75 & Older,"7,464",3.03%,73,4.82%,"2,701",3.07%,"4,640",2.96%
2003,Unknown,"15,636",6.34%,87,5.75%,"3,452",3.92%,"12,147",7.74%
2002,15 & Younger,922,0.36%,9,0.61%,382,0.42%,531,0.33%
2002,16,"5,257",2.08%,26,1.76%,"1,832",2.03%,"3,399",2.11%
2002,17,"6,865",2.71%,34,2.30%,"2,440",2.70%,"4,391",2.72%
2002,18,"8,505",3.36%,49,3.31%,"3,223",3.57%,"5,233",3.24%
2002,19,"8,641",3.41%,40,2.70%,"3,175",3.51%,"5,426",3.36%
2002,20,"7,861",3.10%,42,2.84%,"2,858",3.16%,"4,961",3.07%
2002,21,"7,773",3.07%,37,2.50%,"2,931",3.24%,"4,805",2.98%
2002,22,"7,447",2.94%,50,3.38%,"2,754",3.05%,"4,643",2.88%
2002,23,"6,750",2.67%,41,2.77%,"2,506",2.77%,"4,203",2.61%
2002,24,"6,263",2.47%,34,2.30%,"2,238",2.48%,"3,991",2.47%
2002,25-34,"53,420",21.10%,287,19.38%,"19,660",21.76%,"33,473",20.75%
2002,35-44,"45,052",17.79%,255,17.22%,"16,460",18.22%,"28,337",17.56%
2002,45-54,"32,842",12.97%,192,12.96%,"11,883",13.15%,"20,767",12.87%
2002,55-64,"18,846",7.44%,140,9.45%,"6,903",7.64%,"11,803",7.32%
2002,65-74,"10,179",4.02%,80,5.40%,"3,676",4.07%,"6,423",3.98%
2002,75 & Older,"7,681",3.03%,83,5.60%,"6,538",7.24%,"1,060",0.66%
2002,Unknown,"18,871",7.45%,82,5.54%,894,0.99%,"17,895",11.09%
2001,15 & Younger,846,0.34%,15,1.05%,343,0.38%,488,0.31%
2001,16,"4,961",2.00%,13,0.91%,"1,818",2.02%,"3,130",2.00%
2001,17,"6,524",2.63%,24,1.68%,"2,445",2.72%,"4,055",2.59%
2001,18,"8,584",3.46%,45,3.14%,"3,201",3.56%,"5,338",3.41%
2001,19,"8,488",3.42%,46,3.21%,"3,155",3.51%,"5,287",3.37%
2001,20,"7,770",3.13%,51,3.56%,"2,919",3.24%,"4,800",3.06%
2001,21,"7,578",3.05%,36,2.51%,"2,802",3.11%,"4,740",3.03%
2001,22,"6,864",2.77%,48,3.35%,"2,609",2.90%,"4,207",2.69%
2001,23,"6,319",2.55%,44,3.07%,"2,352",2.61%,"3,923",2.50%
2001,24,"6,089",2.45%,31,2.16%,"2,246",2.50%,"3,812",2.43%
2001,25-34,"52,199",21.04%,326,22.77%,"19,362",21.51%,"32,511",20.75%
2001,35-44,"44,275",17.85%,269,18.78%,"16,475",18.30%,"27,531",17.57%
2001,45-54,"31,592",12.73%,171,11.94%,"11,699",13.00%,"19,722",12.59%
2001,55-64,"17,251",6.95%,103,7.19%,"6,338",7.04%,"10,810",6.90%
2001,65-74,"9,903",3.99%,67,4.68%,"3,663",4.07%,"6,173",3.94%
2001,75 & Older,"7,426",2.99%,58,4.05%,"2,783",3.09%,"4,585",2.93%
2001,Unknown,"21,438",8.64%,85,5.94%,"5,798",6.44%,"15,555",9.93%
2000,15 & Younger,967,0.39%,8,0.58%,394,0.42%,565,0.37%
2000,16,"5,006",2.02%,14,1.01%,"1,865",2.01%,"3,127",2.03%
2000,17,"7,018",2.83%,28,2.03%,"2,680",2.89%,"4,310",2.80%
2000,18,"8,656",3.49%,39,2.83%,"3,393",3.65%,"5,224",3.39%
2000,19,"8,547",3.44%,40,2.90%,"3,235",3.48%,"5,272",3.42%
2000,20,"7,770",3.13%,46,3.33%,"2,943",3.17%,"4,781",3.10%
2000,21,"7,366",2.97%,50,3.62%,"2,874",3.10%,"4,442",2.88%
2000,22,"6,753",2.72%,42,3.04%,"2,584",2.78%,"4,127",2.67%
2000,23,"6,416",2.58%,38,2.75%,"2,527",2.72%,"3,851",2.50%
2000,24,"6,151",2.48%,38,2.75%,"2,355",2.54%,"3,758",2.44%
2000,25-34,"54,385",21.90%,293,21.23%,"20,844",22.45%,"33,248",21.58%
2000,35-44,"45,877",18.48%,235,17.03%,"17,490",18.84%,"28,152",18.27%
2000,45-54,"32,257",12.99%,179,12.97%,"12,217",13.16%,"19,861",12.89%
2000,55-64,"17,491",7.04%,115,8.33%,"6,720",7.24%,"10,656",6.92%
2000,65-74,"10,308",4.15%,74,5.36%,"3,994",4.30%,"6,240",4.05%
2000,75 & Older,"7,523",3.03%,92,6.67%,"2,991",3.22%,"4,640",3.01%
2000,Unknown,"15,817",6.37%,49,3.55%,"3,730",4.02%,"11,838",7.68%
1999,15 & Younger,791,0.33%,11,0.78%,333,0.37%,447,0.30%
1999,16,"5,105",2.14%,24,1.69%,"1,895",2.12%,"3,186",2.15%
1999,17,"6,830",2.86%,37,2.61%,"2,631",2.95%,"4,162",2.81%
1999,18,"8,207",3.44%,39,2.75%,"3,161",3.59%,"5,007",3.39%
1999,19,"7,862",3.29%,50,3.53%,"3,126",3.50%,"4,686",3.17%
1999,20,"7,008",2.94%,46,3.25%,"2,728",3.06%,"4,234",2.86%
1999,21,"6,750",2.83%,40,2.82%,"2,628",2.94%,"4,082",2.76%
1999,22,"6,505",2.73%,31,2.19%,"2,508",2.81%,"3,966",2.68%
1999,23,"6,034",2.53%,34,2.40%,"2,298",2.57%,"3,702",2.50%
1999,24,"5,833",2.44%,33,2.33%,"2,239",2.51%,"3,561",2.41%
1999,25-34,"52,463",21.99%,276,19.49%,"20,063",22.47%,"32,124",21.72%
1999,35-44,"44,956",18.84%,259,18.29%,"17,045",19.09%,"27,652",18.70%
1999,45-54,"31,057",13.02%,189,13.35%,"11,822",13.24%,"19,046",12.88%
1999,55-64,"16,647",6.98%,103,7.27%,"6,310",7.07%,"10,234",6.92%
1999,65-74,"10,330",4.33%,83,5.86%,"3,957",4.43%,"6,290",4.25%
1999,75 & Older,"7,491",3.14%,88,6.21%,"2,939",3.29%,"4,464",3.02%
1999,Unknown,"14,747",6.18%,73,5.16%,"3,610",4.04%,"11,064",7.48%
1998,15 & Younger,736,0.32%,2,0.15%,292,0.34%,442,0.31%
1998,16,"4,315",1.89%,22,1.69%,"1,655",1.95%,"2,638",1.86%
1998,17,"6,274",2.75%,26,1.99%,"2,463",2.90%,"3,785",2.66%
1998,18,"7,515",3.29%,47,3.60%,"2,927",3.45%,"4,541",3.19%
1998,19,"7,209",3.16%,37,2.84%,"2,808",3.31%,"4,364",3.07%
1998,20,"6,682",2.93%,31,2.38%,"2,599",3.06%,"4,052",2.85%
1998,21,"6,539",2.86%,41,3.14%,"2,527",2.98%,"3,971",2.79%
1998,22,"6,185",2.71%,29,2.22%,"2,396",2.82%,"3,760",2.64%
1998,23,"6,010",2.63%,29,2.22%,"2,293",2.70%,"3,688",2.59%
1998,24,"5,751",2.52%,30,2.30%,"2,121",2.50%,"3,600",2.53%
1998,25-34,"51,919",22.74%,244,18.70%,"19,580",23.08%,"32,095",22.58%
1998,35-44,"43,352",18.99%,265,20.31%,"16,233",19.13%,"26,854",18.89%
1998,45-54,"28,961",12.68%,170,13.03%,"10,890",12.84%,"17,901",12.59%
1998,55-64,"15,786",6.91%,111,8.51%,"6,021",7.10%,"9,654",6.79%
1998,65-74,"10,394",4.55%,89,6.82%,"3,914",4.61%,"6,391",4.50%
1998,75 & Older,"12,733",5.58%,93,7.13%,"4,125",4.86%,"8,515",5.99%
1998,Unknown,"7,956",3.48%,39,2.99%,"1,999",2.36%,"5,918",4.16%
1997,15 & Younger,780,0.36%,0,0%,347,0.43%,433,0.33%
1997,16,"5,139",2.38%,20,1.57%,"1,944",2.40%,"3,175",2.38%
1997,17,"6,052",2.81%,28,2.20%,"2,310",2.85%,"3,714",2.79%
1997,18,"7,060",3.28%,40,3.15%,"2,749",3.39%,"4,271",3.21%
1997,19,"6,756",3.14%,28,2.20%,"2,675",3.30%,"4,053",3.04%
1997,20,"6,229",2.89%,39,3.07%,"2,414",2.98%,"3,776",2.83%
1997,21,"6,006",2.79%,36,2.83%,"2,323",2.87%,"3,647",2.74%
1997,22,"5,927",2.75%,44,3.46%,"2,279",2.81%,"3,604",2.71%
1997,23,"5,574",2.59%,27,2.12%,"2,154",2.66%,"3,393",2.55%
1997,24,"5,484",2.54%,31,2.44%,"2,179",2.69%,"3,274",2.46%
1997,25-34,"49,420",22.93%,260,20.46%,"19,067",23.54%,"30,093",22.59%
1997,35-44,"40,832",18.95%,216,16.99%,"15,729",19.42%,"24,887",18.68%
1997,45-54,"26,515",12.30%,161,12.67%,"9,951",12.28%,"16,403",12.31%
1997,55-64,"14,348",6.66%,100,7.87%,"5,478",6.76%,"8,770",6.58%
1997,65-74,"9,952",4.62%,80,6.29%,"3,832",4.73%,"6,040",4.53%
1997,75 & Older,"8,000",8.99%,161,12.67%,"5,554",6.86%,"13,655",10.25%
1997,Unknown,"11,416",0.02%,0,0%,19,0%,27,0%
